-- MySQL dump 10.16  Distrib 10.2.31-MariaDB, for Win64 (AMD64)
--
-- Host: 192.168.10.120    Database: common
-- ------------------------------------------------------
-- Server version	10.2.30-MariaDB-log

/*!40101 SET @OLD_CHARACTER_SET_CLIENT=@@CHARACTER_SET_CLIENT */;
/*!40101 SET @OLD_CHARACTER_SET_RESULTS=@@CHARACTER_SET_RESULTS */;
/*!40101 SET @OLD_COLLATION_CONNECTION=@@COLLATION_CONNECTION */;
/*!40101 SET NAMES utf8 */;
/*!40103 SET @OLD_TIME_ZONE=@@TIME_ZONE */;
/*!40103 SET TIME_ZONE='+00:00' */;
/*!40014 SET @OLD_UNIQUE_CHECKS=@@UNIQUE_CHECKS, UNIQUE_CHECKS=0 */;
/*!40014 SET @OLD_FOREIGN_KEY_CHECKS=@@FOREIGN_KEY_CHECKS, FOREIGN_KEY_CHECKS=0 */;
/*!40101 SET @OLD_SQL_MODE=@@SQL_MODE, SQL_MODE='NO_AUTO_VALUE_ON_ZERO' */;
/*!40111 SET @OLD_SQL_NOTES=@@SQL_NOTES, SQL_NOTES=0 */;

--
-- Table structure for table `tb_acces_ip`
--

DROP TABLE IF EXISTS `tb_acces_ip`;
/*!40101 SET @saved_cs_client     = @@character_set_client */;
/*!40101 SET character_set_client = utf8 */;
CREATE TABLE `tb_acces_ip` (
  `IP` varchar(100) DEFAULT NULL COMMENT '아이피',
  `REGISTER_NO` varchar(10) DEFAULT NULL COMMENT '등록자 번호',
  `REGIST_DT` datetime DEFAULT NULL COMMENT '등록 일시',
  `UPDUSR_NO` varchar(10) DEFAULT NULL COMMENT '수정자 번호',
  `UPDT_DT` datetime DEFAULT NULL COMMENT '수정 일시'
) ENGINE=InnoDB DEFAULT CHARSET=utf8 COMMENT='접근 ip';
/*!40101 SET character_set_client = @saved_cs_client */;

--
-- Dumping data for table `tb_acces_ip`
--

LOCK TABLES `tb_acces_ip` WRITE;
/*!40000 ALTER TABLE `tb_acces_ip` DISABLE KEYS */;
INSERT INTO `tb_acces_ip` VALUES ('127.0.0.1','26','2020-06-12 17:33:39',NULL,NULL),('0:0:0:0:0:0:0:1','26','2020-06-12 17:33:53',NULL,NULL);
/*!40000 ALTER TABLE `tb_acces_ip` ENABLE KEYS */;
UNLOCK TABLES;

--
-- Table structure for table `tb_admin_event_log`
--

DROP TABLE IF EXISTS `tb_admin_event_log`;
/*!40101 SET @saved_cs_client     = @@character_set_client */;
/*!40101 SET character_set_client = utf8 */;
CREATE TABLE `tb_admin_event_log` (
  `EVENT_DE` varchar(8) DEFAULT NULL COMMENT '이벤트 일자',
  `MENU_PK` varchar(8) DEFAULT NULL COMMENT '메뉴 기본키',
  `IP` varchar(39) DEFAULT NULL COMMENT '아이피',
  `PARAM_VALUE` longtext DEFAULT NULL COMMENT 'PARAM 값',
  `REGISTER_NO` varchar(10) DEFAULT NULL COMMENT '등록자 번호',
  `REGIST_DT` datetime DEFAULT NULL COMMENT '등록 일시'
) ENGINE=InnoDB DEFAULT CHARSET=utf8 COMMENT='어드민 이벤트 로그';
/*!40101 SET character_set_client = @saved_cs_client */;

--
-- Dumping data for table `tb_admin_event_log`
--

LOCK TABLES `tb_admin_event_log` WRITE;
/*!40000 ALTER TABLE `tb_admin_event_log` DISABLE KEYS */;
/*!40000 ALTER TABLE `tb_admin_event_log` ENABLE KEYS */;
UNLOCK TABLES;

--
-- Table structure for table `tb_author`
--

DROP TABLE IF EXISTS `tb_author`;
/*!40101 SET @saved_cs_client     = @@character_set_client */;
/*!40101 SET character_set_client = utf8 */;
CREATE TABLE `tb_author` (
  `AUTHOR_ID` varchar(20) NOT NULL COMMENT '권한 아이디',
  `AUTHOR_NM` varchar(200) DEFAULT NULL COMMENT '권한 명',
  `RM` varchar(200) DEFAULT NULL COMMENT '비고',
  `REGISTER_NO` varchar(10) DEFAULT NULL COMMENT '등록자 번호',
  `REGIST_DT` datetime DEFAULT NULL COMMENT '등록 일시',
  `UPDUSR_NO` varchar(10) DEFAULT NULL COMMENT '수정자 번호',
  `UPDT_DT` datetime DEFAULT NULL COMMENT '수정 일시',
  PRIMARY KEY (`AUTHOR_ID`)
) ENGINE=InnoDB DEFAULT CHARSET=utf8 COMMENT='권한';
/*!40101 SET character_set_client = @saved_cs_client */;

--
-- Dumping data for table `tb_author`
--

LOCK TABLES `tb_author` WRITE;
/*!40000 ALTER TABLE `tb_author` DISABLE KEYS */;
INSERT INTO `tb_author` VALUES ('ADMIN','ADMIN','시스템 관리자','1','2020-04-07 09:52:17','1','2020-06-29 10:33:21'),('ADMIN_10','ADMIN_10','','1','2020-06-16 10:16:00','1','2020-06-24 11:21:49');
/*!40000 ALTER TABLE `tb_author` ENABLE KEYS */;
UNLOCK TABLES;

--
-- Table structure for table `tb_author_menu`
--

DROP TABLE IF EXISTS `tb_author_menu`;
/*!40101 SET @saved_cs_client     = @@character_set_client */;
/*!40101 SET character_set_client = utf8 */;
CREATE TABLE `tb_author_menu` (
  `AUTHOR_MENU_SEQ` int(11) NOT NULL AUTO_INCREMENT COMMENT '권한 메뉴 일련',
  `AUTHOR_ID` varchar(20) NOT NULL COMMENT '권한 아이디',
  `MENU_PK` varchar(8) NOT NULL COMMENT '메뉴 아이디',
  `REGISTER_NO` varchar(10) DEFAULT NULL COMMENT '등록자 번호',
  `REGIST_DT` datetime DEFAULT NULL COMMENT '등록 일시',
  `UPDUSR_NO` varchar(10) DEFAULT NULL COMMENT '수정자 번호',
  `UPDT_DT` datetime DEFAULT NULL COMMENT '수정 일시',
  PRIMARY KEY (`AUTHOR_MENU_SEQ`,`AUTHOR_ID`,`MENU_PK`)
) ENGINE=InnoDB AUTO_INCREMENT=351 DEFAULT CHARSET=utf8 COMMENT='권한 메뉴';
/*!40101 SET character_set_client = @saved_cs_client */;

--
-- Dumping data for table `tb_author_menu`
--

LOCK TABLES `tb_author_menu` WRITE;
/*!40000 ALTER TABLE `tb_author_menu` DISABLE KEYS */;
INSERT INTO `tb_author_menu` VALUES (1,'ADMIN','M0000010','1','2020-06-29 14:45:45',NULL,NULL),(2,'ADMIN','M0000020','1','2020-06-29 14:45:45',NULL,NULL),(3,'ADMIN','M0000030','1','2020-06-29 14:45:45',NULL,NULL),(4,'ADMIN','M0000040','1','2020-06-29 14:45:45',NULL,NULL),(5,'ADMIN','M0000050','1','2020-06-29 14:45:45',NULL,NULL),(6,'ADMIN','M0000060','1','2020-06-29 14:45:45',NULL,NULL),(7,'ADMIN','M0000070','1','2020-06-29 14:45:45',NULL,NULL),(8,'ADMIN','M0000080','1','2020-06-29 14:45:45',NULL,NULL),(9,'ADMIN','M0000090','1','2020-06-29 14:45:45',NULL,NULL),(10,'ADMIN','M0000100','1','2020-06-29 14:45:45',NULL,NULL),(11,'ADMIN','M0000110','1','2020-06-29 14:45:45',NULL,NULL),(12,'ADMIN','M0000120','1','2020-06-29 14:45:45',NULL,NULL),(13,'ADMIN','M0000130','1','2020-06-29 14:45:45',NULL,NULL),(14,'ADMIN','M0000140','1','2020-06-29 14:45:45',NULL,NULL),(15,'ADMIN','M0000160','1','2020-06-29 14:45:45',NULL,NULL),(16,'ADMIN','M0000170','1','2020-06-29 14:45:45',NULL,NULL),(17,'ADMIN','M0000180','1','2020-06-29 14:45:45',NULL,NULL),(18,'ADMIN','M0000190','1','2020-06-29 14:45:45',NULL,NULL),(19,'ADMIN','M0000200','1','2020-06-29 14:45:45',NULL,NULL),(20,'ADMIN','M0000210','1','2020-06-29 14:45:45',NULL,NULL),(21,'ADMIN','M0000220','1','2020-06-29 14:45:45',NULL,NULL),(22,'ADMIN','M0000230','1','2020-06-29 14:45:45',NULL,NULL),(23,'ADMIN','M0000240','1','2020-06-29 14:45:45',NULL,NULL),(24,'ADMIN','M0000250','1','2020-06-29 14:45:45',NULL,NULL),(25,'ADMIN','M0000260','1','2020-06-29 14:45:45',NULL,NULL),(26,'ADMIN','M0000270','1','2020-06-29 14:45:45',NULL,NULL),(27,'ADMIN','M0000280','1','2020-06-29 14:45:45',NULL,NULL),(28,'ADMIN','M0000290','1','2020-06-29 14:45:45',NULL,NULL),(29,'ADMIN','M0000300','1','2020-06-29 14:45:45',NULL,NULL),(30,'ADMIN','M0000310','1','2020-06-29 14:45:45',NULL,NULL),(31,'ADMIN','M0000320','1','2020-06-29 14:45:45',NULL,NULL),(32,'ADMIN','M0000330','1','2020-06-29 14:45:45',NULL,NULL),(33,'ADMIN','M0000340','1','2020-06-29 14:45:45',NULL,NULL),(34,'ADMIN','M0000350','1','2020-06-29 14:45:45',NULL,NULL),(35,'ADMIN','M0000360','1','2020-06-29 14:45:45',NULL,NULL),(36,'ADMIN','M0000370','1','2020-06-29 14:45:45',NULL,NULL),(37,'ADMIN','M0000380','1','2020-06-29 14:45:45',NULL,NULL),(38,'ADMIN','M0000390','1','2020-06-29 14:45:45',NULL,NULL),(39,'ADMIN','M0000400','1','2020-06-29 14:45:45',NULL,NULL),(40,'ADMIN','M0000410','1','2020-06-29 14:45:45',NULL,NULL),(41,'ADMIN','M0000420','1','2020-06-29 14:45:45',NULL,NULL),(42,'ADMIN','M0000430','1','2020-06-29 14:45:45',NULL,NULL),(43,'ADMIN','M0000440','1','2020-06-29 14:45:45',NULL,NULL),(44,'ADMIN','M0000450','1','2020-06-29 14:45:45',NULL,NULL),(45,'ADMIN','M0000460','1','2020-06-29 14:45:45',NULL,NULL),(46,'ADMIN','M0000470','1','2020-06-29 14:45:45',NULL,NULL),(47,'ADMIN','M0000480','1','2020-06-29 14:45:45',NULL,NULL),(48,'ADMIN','M0000490','1','2020-06-29 14:45:45',NULL,NULL),(49,'ADMIN','M0000500','1','2020-06-29 14:45:45',NULL,NULL),(50,'ADMIN','M0000830','1','2020-06-29 14:45:45',NULL,NULL),(51,'ADMIN','M0000840','1','2020-06-29 14:45:45',NULL,NULL),(52,'ADMIN','M0000850','1','2020-06-29 14:45:45',NULL,NULL),(53,'ADMIN','M0000860','1','2020-06-29 14:45:45',NULL,NULL),(54,'ADMIN','M0000870','1','2020-06-29 14:45:46',NULL,NULL),(55,'ADMIN','M0000880','1','2020-06-29 14:45:46',NULL,NULL),(56,'ADMIN','M0000890','1','2020-06-29 14:45:46',NULL,NULL),(57,'ADMIN','M0000900','1','2020-06-29 14:45:46',NULL,NULL),(58,'ADMIN','M0000910','1','2020-06-29 14:45:46',NULL,NULL),(59,'ADMIN','M0000920','1','2020-06-29 14:45:46',NULL,NULL),(60,'ADMIN','M0000930','1','2020-06-29 14:45:46',NULL,NULL),(61,'ADMIN','M0000940','1','2020-06-29 14:45:46',NULL,NULL),(62,'ADMIN','M0000950','1','2020-06-29 14:45:46',NULL,NULL),(63,'ADMIN','M0000960','1','2020-06-29 14:45:46',NULL,NULL),(64,'ADMIN','M0000970','1','2020-06-29 14:45:46',NULL,NULL),(65,'ADMIN','M0000980','1','2020-06-29 14:45:46',NULL,NULL),(66,'ADMIN','M0000990','1','2020-06-29 14:45:46',NULL,NULL),(67,'ADMIN','M0001010','1','2020-06-29 14:45:46',NULL,NULL),(68,'ADMIN','M0001020','1','2020-06-29 14:45:46',NULL,NULL),(69,'ADMIN','M0001030','1','2020-06-29 14:45:46',NULL,NULL),(70,'ADMIN','M0001040','1','2020-06-29 14:45:46',NULL,NULL),(71,'ADMIN','M0001050','1','2020-06-29 14:45:46',NULL,NULL),(72,'ADMIN','M0001060','1','2020-06-29 14:45:46',NULL,NULL),(73,'ADMIN','M0001070','1','2020-06-29 14:45:46',NULL,NULL),(74,'ADMIN','M0001080','1','2020-06-29 14:45:46',NULL,NULL),(75,'ADMIN','M0001090','1','2020-06-29 14:45:46',NULL,NULL),(76,'ADMIN','M0001100','1','2020-06-29 14:45:46',NULL,NULL),(77,'ADMIN','M0001110','1','2020-06-29 14:45:46',NULL,NULL),(78,'ADMIN','M0001120','1','2020-06-29 14:45:46',NULL,NULL),(79,'ADMIN','M0001130','1','2020-06-29 14:45:46',NULL,NULL),(80,'ADMIN','M0001140','1','2020-06-29 14:45:46',NULL,NULL),(81,'ADMIN','M0001150','1','2020-06-29 14:45:46',NULL,NULL),(82,'ADMIN','M0001160','1','2020-06-29 14:45:46',NULL,NULL),(83,'ADMIN','M0001170','1','2020-06-29 14:45:46',NULL,NULL),(84,'ADMIN','M0001180','1','2020-06-29 14:45:46',NULL,NULL),(85,'ADMIN','M0001190','1','2020-06-29 14:45:46',NULL,NULL),(86,'ADMIN','M0001200','1','2020-06-29 14:45:46',NULL,NULL),(87,'ADMIN','M0001210','1','2020-06-29 14:45:46',NULL,NULL),(88,'ADMIN','M0001220','1','2020-06-29 14:45:46',NULL,NULL),(89,'ADMIN','M0001230','1','2020-06-29 14:45:46',NULL,NULL),(90,'ADMIN','M0001240','1','2020-06-29 14:45:46',NULL,NULL),(91,'ADMIN','M0001250','1','2020-06-29 14:45:46',NULL,NULL),(92,'ADMIN','M0001260','1','2020-06-29 14:45:46',NULL,NULL),(93,'ADMIN','M0001270','1','2020-06-29 14:45:46',NULL,NULL),(94,'ADMIN','M0001280','1','2020-06-29 14:45:46',NULL,NULL),(95,'ADMIN','M0001290','1','2020-06-29 14:45:46',NULL,NULL),(96,'ADMIN','M0001300','1','2020-06-29 14:45:46',NULL,NULL),(97,'ADMIN','M0001310','1','2020-06-29 14:45:46',NULL,NULL),(98,'ADMIN','M0001320','1','2020-06-29 14:45:46',NULL,NULL),(99,'ADMIN','M0001330','1','2020-06-29 14:45:46',NULL,NULL),(100,'ADMIN','M0001340','1','2020-06-29 14:45:46',NULL,NULL),(101,'ADMIN','M0001350','1','2020-06-29 14:45:46',NULL,NULL),(102,'ADMIN','M0001360','1','2020-06-29 14:45:46',NULL,NULL),(103,'ADMIN','M0001370','1','2020-06-29 14:45:46',NULL,NULL),(104,'ADMIN','M0001380','1','2020-06-29 14:45:46',NULL,NULL),(105,'ADMIN','M0001390','1','2020-06-29 14:45:46',NULL,NULL),(106,'ADMIN','M0001400','1','2020-06-29 14:45:46',NULL,NULL),(107,'ADMIN','M0001410','1','2020-06-29 14:45:46',NULL,NULL),(108,'ADMIN','M0001420','1','2020-06-29 14:45:46',NULL,NULL),(109,'ADMIN','M0001430','1','2020-06-29 14:45:46',NULL,NULL),(110,'ADMIN','M0001440','1','2020-06-29 14:45:46',NULL,NULL),(111,'ADMIN','M0001450','1','2020-06-29 14:45:46',NULL,NULL),(112,'ADMIN','M0001460','1','2020-06-29 14:45:46',NULL,NULL),(113,'ADMIN','M0001470','1','2020-06-29 14:45:46',NULL,NULL),(114,'ADMIN','M0001480','1','2020-06-29 14:45:46',NULL,NULL),(115,'ADMIN','M0001490','1','2020-06-29 14:45:46',NULL,NULL),(116,'ADMIN','M0001500','1','2020-06-29 14:45:46',NULL,NULL),(117,'ADMIN','M0001510','1','2020-06-29 14:45:46',NULL,NULL),(118,'ADMIN','M0001520','1','2020-06-29 14:45:46',NULL,NULL),(119,'ADMIN','M0001530','1','2020-06-29 14:45:46',NULL,NULL),(120,'ADMIN','M0001540','1','2020-06-29 14:45:46',NULL,NULL),(121,'ADMIN','M0001550','1','2020-06-29 14:45:46',NULL,NULL),(122,'ADMIN','M0001560','1','2020-06-29 14:45:46',NULL,NULL),(123,'ADMIN','M0001570','1','2020-06-29 14:45:46',NULL,NULL),(124,'ADMIN','M0001580','1','2020-06-29 14:45:46',NULL,NULL),(125,'ADMIN','M0001590','1','2020-06-29 14:45:46',NULL,NULL),(126,'ADMIN','M0001600','1','2020-06-29 14:45:46',NULL,NULL),(127,'ADMIN','M0001610','1','2020-06-29 14:45:46',NULL,NULL),(128,'ADMIN','M0001620','1','2020-06-29 14:45:46',NULL,NULL),(129,'ADMIN','M0001630','1','2020-06-29 14:45:46',NULL,NULL),(130,'ADMIN','M0001640','1','2020-06-29 14:45:46',NULL,NULL),(131,'ADMIN','M0001650','1','2020-06-29 14:45:46',NULL,NULL),(132,'ADMIN','M0001660','1','2020-06-29 14:45:46',NULL,NULL),(133,'ADMIN','M0001670','1','2020-06-29 14:45:46',NULL,NULL),(134,'ADMIN','M0001680','1','2020-06-29 14:45:46',NULL,NULL),(135,'ADMIN','M0001690','1','2020-06-29 14:45:46',NULL,NULL),(136,'ADMIN','M0001700','1','2020-06-29 14:45:46',NULL,NULL),(137,'ADMIN','M0001710','1','2020-06-29 14:45:46',NULL,NULL),(138,'ADMIN','M0001720','1','2020-06-29 14:45:46',NULL,NULL),(139,'ADMIN','M0001730','1','2020-06-29 14:45:46',NULL,NULL),(140,'ADMIN','M0001740','1','2020-06-29 14:45:46',NULL,NULL),(141,'ADMIN','M0001750','1','2020-06-29 14:45:46',NULL,NULL),(142,'ADMIN','M0001760','1','2020-06-29 14:45:46',NULL,NULL),(143,'ADMIN','M0001770','1','2020-06-29 14:45:46',NULL,NULL),(144,'ADMIN','M0001780','1','2020-06-29 14:45:46',NULL,NULL),(145,'ADMIN','M0001790','1','2020-06-29 14:45:46',NULL,NULL),(146,'ADMIN','M0001800','1','2020-06-29 14:45:46',NULL,NULL),(147,'ADMIN','M0001810','1','2020-06-29 14:45:46',NULL,NULL),(148,'ADMIN','M0001820','1','2020-06-29 14:45:46',NULL,NULL),(149,'ADMIN','M0001830','1','2020-06-29 14:45:46',NULL,NULL),(150,'ADMIN','M0001840','1','2020-06-29 14:45:46',NULL,NULL),(151,'ADMIN','M0001850','1','2020-06-29 14:45:46',NULL,NULL),(152,'ADMIN','M0001860','1','2020-06-29 14:45:46',NULL,NULL),(153,'ADMIN','M0001870','1','2020-06-29 14:45:46',NULL,NULL),(154,'ADMIN','M0001880','1','2020-06-29 14:45:46',NULL,NULL),(155,'ADMIN','M0001890','1','2020-06-29 14:45:46',NULL,NULL),(156,'ADMIN','M0001900','1','2020-06-29 14:45:46',NULL,NULL),(157,'ADMIN','M0001910','1','2020-06-29 14:45:46',NULL,NULL),(158,'ADMIN','M0001920','1','2020-06-29 14:45:46',NULL,NULL),(159,'ADMIN','M0001930','1','2020-06-29 14:45:46',NULL,NULL),(160,'ADMIN','M0001940','1','2020-06-29 14:45:46',NULL,NULL),(161,'ADMIN','M0001950','1','2020-06-29 14:45:46',NULL,NULL),(162,'ADMIN','M0001960','1','2020-06-29 14:45:46',NULL,NULL),(163,'ADMIN','M0001970','1','2020-06-29 14:45:46',NULL,NULL),(164,'ADMIN','M0001980','1','2020-06-29 14:45:46',NULL,NULL),(165,'ADMIN','M0001990','1','2020-06-29 14:45:46',NULL,NULL),(166,'ADMIN','M0002000','1','2020-06-29 14:45:46',NULL,NULL),(167,'ADMIN','M0002010','1','2020-06-29 14:45:46',NULL,NULL),(168,'ADMIN','M0002020','1','2020-06-29 14:45:46',NULL,NULL),(169,'ADMIN','M0002030','1','2020-06-29 14:45:46',NULL,NULL),(170,'ADMIN','M0002040','1','2020-06-29 14:45:46',NULL,NULL),(171,'ADMIN','M0002050','1','2020-06-29 14:45:46',NULL,NULL),(172,'ADMIN','M0002060','1','2020-06-29 14:45:46',NULL,NULL),(173,'ADMIN','M0002070','1','2020-06-29 14:45:46',NULL,NULL),(174,'ADMIN','M0002080','1','2020-06-29 14:45:46',NULL,NULL),(175,'ADMIN','M0002090','1','2020-06-29 14:45:46',NULL,NULL),(176,'ADMIN','M0002100','1','2020-06-29 14:45:46',NULL,NULL),(177,'ADMIN','M0002110','1','2020-06-29 14:45:46',NULL,NULL),(178,'ADMIN','M0002120','1','2020-06-29 14:45:46',NULL,NULL),(179,'ADMIN','M0002130','1','2020-06-29 14:45:46',NULL,NULL),(180,'ADMIN','M0002140','1','2020-06-29 14:45:46',NULL,NULL),(181,'ADMIN','M0002150','1','2020-06-29 14:45:46',NULL,NULL),(182,'ADMIN','M0002160','1','2020-06-29 14:45:46',NULL,NULL),(183,'ADMIN','M0002170','1','2020-06-29 14:45:46',NULL,NULL),(184,'ADMIN','M0002180','1','2020-06-29 14:45:46',NULL,NULL),(185,'ADMIN','M0002190','1','2020-06-29 14:45:46',NULL,NULL),(186,'ADMIN','M0002200','1','2020-06-29 14:45:46',NULL,NULL),(187,'ADMIN','M0002210','1','2020-06-29 14:45:46',NULL,NULL),(188,'ADMIN','M0002220','1','2020-06-29 14:45:46',NULL,NULL),(189,'ADMIN','M0002230','1','2020-06-29 14:45:46',NULL,NULL),(190,'ADMIN','M0002240','1','2020-06-29 14:45:46',NULL,NULL),(191,'ADMIN','M0002250','1','2020-06-29 14:45:46',NULL,NULL),(192,'ADMIN','M0002260','1','2020-06-29 14:45:46',NULL,NULL),(193,'ADMIN','M0002270','1','2020-06-29 14:45:46',NULL,NULL),(194,'ADMIN','M0002280','1','2020-06-29 14:45:46',NULL,NULL),(195,'ADMIN','M0002290','1','2020-06-29 14:45:46',NULL,NULL),(196,'ADMIN','M0002300','1','2020-06-29 14:45:46',NULL,NULL),(197,'ADMIN','M0002310','1','2020-06-29 14:45:46',NULL,NULL),(198,'ADMIN','M0002320','1','2020-06-29 14:45:46',NULL,NULL),(199,'ADMIN','M0002330','1','2020-06-29 14:45:46',NULL,NULL),(200,'ADMIN','M0002340','1','2020-06-29 14:45:46',NULL,NULL),(201,'ADMIN','M0002350','1','2020-06-29 14:45:46',NULL,NULL),(202,'ADMIN','M0002360','1','2020-06-29 14:45:46',NULL,NULL),(203,'ADMIN','M0002370','1','2020-06-29 14:45:46',NULL,NULL),(204,'ADMIN','M0002380','1','2020-06-29 14:45:46',NULL,NULL),(205,'ADMIN','M0002390','1','2020-06-29 14:45:46',NULL,NULL),(206,'ADMIN','M0002400','1','2020-06-29 14:45:46',NULL,NULL),(207,'ADMIN','M0002410','1','2020-06-29 14:45:46',NULL,NULL),(208,'ADMIN','M0002420','1','2020-06-29 14:45:46',NULL,NULL),(209,'ADMIN','M0002430','1','2020-06-29 14:45:46',NULL,NULL),(210,'ADMIN','M0002440','1','2020-06-29 14:45:47',NULL,NULL),(211,'ADMIN','M0002450','1','2020-06-29 14:45:47',NULL,NULL),(212,'ADMIN','M0002460','1','2020-06-29 14:45:47',NULL,NULL),(213,'ADMIN','M0002470','1','2020-06-29 14:45:47',NULL,NULL),(214,'ADMIN','M0002480','1','2020-06-29 14:45:47',NULL,NULL),(215,'ADMIN','M0002490','1','2020-06-29 14:45:47',NULL,NULL),(216,'ADMIN','M0002500','1','2020-06-29 14:45:47',NULL,NULL),(217,'ADMIN','M0002510','1','2020-06-29 14:45:47',NULL,NULL),(218,'ADMIN','M0002520','1','2020-06-29 14:45:47',NULL,NULL),(219,'ADMIN','M0002530','1','2020-06-29 14:45:47',NULL,NULL),(220,'ADMIN','M0002540','1','2020-06-29 14:45:47',NULL,NULL),(221,'ADMIN','M0002550','1','2020-06-29 14:45:47',NULL,NULL),(222,'ADMIN','M0002560','1','2020-06-29 14:45:47',NULL,NULL),(223,'ADMIN','M0002570','1','2020-06-29 14:45:47',NULL,NULL),(224,'ADMIN','M0002580','1','2020-06-29 14:45:47',NULL,NULL),(225,'ADMIN','M0002590','1','2020-06-29 14:45:47',NULL,NULL),(226,'ADMIN','M0002600','1','2020-06-29 14:45:47',NULL,NULL),(227,'ADMIN','M0002610','1','2020-06-29 14:45:47',NULL,NULL),(228,'ADMIN','M0002620','1','2020-06-29 14:45:47',NULL,NULL),(229,'ADMIN','M0002630','1','2020-06-29 14:45:47',NULL,NULL),(230,'ADMIN','M0002640','1','2020-06-29 14:45:47',NULL,NULL),(231,'ADMIN','M0002650','1','2020-06-29 14:45:47',NULL,NULL),(232,'ADMIN','M0002660','1','2020-06-29 14:45:47',NULL,NULL),(233,'ADMIN','M0002670','1','2020-06-29 14:45:47',NULL,NULL),(234,'ADMIN','M0002680','1','2020-06-29 14:45:47',NULL,NULL),(235,'ADMIN','M0002690','1','2020-06-29 14:45:47',NULL,NULL),(236,'ADMIN','M0002700','1','2020-06-29 14:45:47',NULL,NULL),(237,'ADMIN','M0002710','1','2020-06-29 14:45:47',NULL,NULL),(238,'ADMIN','M0002720','1','2020-06-29 14:45:47',NULL,NULL),(239,'ADMIN','M0002730','1','2020-06-29 14:45:47',NULL,NULL),(240,'ADMIN','M0002740','1','2020-06-29 14:45:47',NULL,NULL),(241,'ADMIN','M0002750','1','2020-06-29 14:45:47',NULL,NULL),(242,'ADMIN','M0002760','1','2020-06-29 14:45:47',NULL,NULL),(243,'ADMIN','M0002770','1','2020-06-29 14:45:47',NULL,NULL),(244,'ADMIN','M0002780','1','2020-06-29 14:45:47',NULL,NULL),(245,'ADMIN','M0002790','1','2020-06-29 14:45:47',NULL,NULL),(246,'ADMIN','M0002800','1','2020-06-29 14:45:47',NULL,NULL),(247,'ADMIN','M0002810','1','2020-06-29 14:45:47',NULL,NULL),(248,'ADMIN','M0002820','1','2020-06-29 14:45:47',NULL,NULL),(249,'ADMIN','M0002830','1','2020-06-29 14:45:47',NULL,NULL),(250,'ADMIN','M0002840','1','2020-06-29 14:45:47',NULL,NULL),(251,'ADMIN_10','M0001910','1','2020-06-29 14:46:04',NULL,NULL),(252,'ADMIN_10','M0001920','1','2020-06-29 14:46:04',NULL,NULL),(253,'ADMIN_10','M0001930','1','2020-06-29 14:46:04',NULL,NULL),(254,'ADMIN_10','M0001940','1','2020-06-29 14:46:04',NULL,NULL),(255,'ADMIN_10','M0001950','1','2020-06-29 14:46:04',NULL,NULL),(256,'ADMIN_10','M0001960','1','2020-06-29 14:46:04',NULL,NULL),(257,'ADMIN_10','M0001970','1','2020-06-29 14:46:04',NULL,NULL),(258,'ADMIN_10','M0001980','1','2020-06-29 14:46:04',NULL,NULL),(259,'ADMIN_10','M0001990','1','2020-06-29 14:46:04',NULL,NULL),(260,'ADMIN_10','M0002000','1','2020-06-29 14:46:04',NULL,NULL),(261,'ADMIN_10','M0002010','1','2020-06-29 14:46:04',NULL,NULL),(262,'ADMIN_10','M0002020','1','2020-06-29 14:46:04',NULL,NULL),(263,'ADMIN_10','M0002030','1','2020-06-29 14:46:04',NULL,NULL),(264,'ADMIN_10','M0002040','1','2020-06-29 14:46:04',NULL,NULL),(265,'ADMIN_10','M0002050','1','2020-06-29 14:46:04',NULL,NULL),(266,'ADMIN_10','M0002060','1','2020-06-29 14:46:04',NULL,NULL),(267,'ADMIN_10','M0002070','1','2020-06-29 14:46:04',NULL,NULL),(268,'ADMIN_10','M0002080','1','2020-06-29 14:46:04',NULL,NULL),(269,'ADMIN_10','M0002090','1','2020-06-29 14:46:04',NULL,NULL),(270,'ADMIN_10','M0002100','1','2020-06-29 14:46:04',NULL,NULL),(271,'ADMIN_10','M0002110','1','2020-06-29 14:46:04',NULL,NULL),(272,'ADMIN_10','M0002120','1','2020-06-29 14:46:04',NULL,NULL),(273,'ADMIN_10','M0002130','1','2020-06-29 14:46:04',NULL,NULL),(274,'ADMIN_10','M0002140','1','2020-06-29 14:46:04',NULL,NULL),(275,'ADMIN_10','M0002150','1','2020-06-29 14:46:04',NULL,NULL),(276,'ADMIN_10','M0002160','1','2020-06-29 14:46:04',NULL,NULL),(277,'ADMIN_10','M0002170','1','2020-06-29 14:46:04',NULL,NULL),(278,'ADMIN_10','M0002180','1','2020-06-29 14:46:04',NULL,NULL),(279,'ADMIN_10','M0002190','1','2020-06-29 14:46:04',NULL,NULL),(280,'ADMIN_10','M0002200','1','2020-06-29 14:46:04',NULL,NULL),(281,'ADMIN_10','M0002210','1','2020-06-29 14:46:04',NULL,NULL),(282,'ADMIN_10','M0002220','1','2020-06-29 14:46:04',NULL,NULL),(283,'ADMIN_10','M0002230','1','2020-06-29 14:46:04',NULL,NULL),(284,'ADMIN_10','M0002240','1','2020-06-29 14:46:04',NULL,NULL),(285,'ADMIN_10','M0002250','1','2020-06-29 14:46:04',NULL,NULL),(286,'ADMIN_10','M0002260','1','2020-06-29 14:46:04',NULL,NULL),(287,'ADMIN_10','M0002270','1','2020-06-29 14:46:04',NULL,NULL),(288,'ADMIN_10','M0002280','1','2020-06-29 14:46:04',NULL,NULL),(289,'ADMIN_10','M0002290','1','2020-06-29 14:46:04',NULL,NULL),(290,'ADMIN_10','M0002300','1','2020-06-29 14:46:04',NULL,NULL),(291,'ADMIN_10','M0002310','1','2020-06-29 14:46:04',NULL,NULL),(292,'ADMIN_10','M0002320','1','2020-06-29 14:46:04',NULL,NULL),(293,'ADMIN_10','M0002330','1','2020-06-29 14:46:04',NULL,NULL),(294,'ADMIN_10','M0002340','1','2020-06-29 14:46:04',NULL,NULL),(295,'ADMIN_10','M0002350','1','2020-06-29 14:46:04',NULL,NULL),(296,'ADMIN_10','M0002360','1','2020-06-29 14:46:04',NULL,NULL),(297,'ADMIN_10','M0002370','1','2020-06-29 14:46:04',NULL,NULL),(298,'ADMIN_10','M0002380','1','2020-06-29 14:46:04',NULL,NULL),(299,'ADMIN_10','M0002390','1','2020-06-29 14:46:04',NULL,NULL),(300,'ADMIN_10','M0002400','1','2020-06-29 14:46:04',NULL,NULL),(301,'ADMIN_10','M0002410','1','2020-06-29 14:46:04',NULL,NULL),(302,'ADMIN_10','M0002420','1','2020-06-29 14:46:04',NULL,NULL),(303,'ADMIN_10','M0002430','1','2020-06-29 14:46:04',NULL,NULL),(304,'ADMIN_10','M0002440','1','2020-06-29 14:46:04',NULL,NULL),(305,'ADMIN_10','M0002450','1','2020-06-29 14:46:04',NULL,NULL),(306,'ADMIN_10','M0002460','1','2020-06-29 14:46:04',NULL,NULL),(307,'ADMIN_10','M0002470','1','2020-06-29 14:46:04',NULL,NULL),(308,'ADMIN_10','M0002480','1','2020-06-29 14:46:04',NULL,NULL),(309,'ADMIN_10','M0002490','1','2020-06-29 14:46:04',NULL,NULL),(310,'ADMIN_10','M0002500','1','2020-06-29 14:46:04',NULL,NULL),(311,'ADMIN_10','M0002510','1','2020-06-29 14:46:04',NULL,NULL),(312,'ADMIN_10','M0002520','1','2020-06-29 14:46:04',NULL,NULL),(313,'ADMIN_10','M0002530','1','2020-06-29 14:46:04',NULL,NULL),(314,'ADMIN_10','M0002540','1','2020-06-29 14:46:04',NULL,NULL),(315,'ADMIN_10','M0002550','1','2020-06-29 14:46:04',NULL,NULL),(316,'ADMIN_10','M0002560','1','2020-06-29 14:46:04',NULL,NULL),(317,'ADMIN_10','M0002570','1','2020-06-29 14:46:04',NULL,NULL),(318,'ADMIN_10','M0002580','1','2020-06-29 14:46:04',NULL,NULL),(319,'ADMIN_10','M0002590','1','2020-06-29 14:46:04',NULL,NULL),(320,'ADMIN_10','M0002600','1','2020-06-29 14:46:04',NULL,NULL),(321,'ADMIN_10','M0002610','1','2020-06-29 14:46:04',NULL,NULL),(322,'ADMIN_10','M0002620','1','2020-06-29 14:46:04',NULL,NULL),(323,'ADMIN_10','M0002630','1','2020-06-29 14:46:04',NULL,NULL),(324,'ADMIN_10','M0002640','1','2020-06-29 14:46:04',NULL,NULL),(325,'ADMIN_10','M0002650','1','2020-06-29 14:46:04',NULL,NULL),(326,'ADMIN_10','M0002660','1','2020-06-29 14:46:04',NULL,NULL),(327,'ADMIN_10','M0002670','1','2020-06-29 14:46:04',NULL,NULL),(328,'ADMIN_10','M0002680','1','2020-06-29 14:46:04',NULL,NULL),(329,'ADMIN_10','M0002690','1','2020-06-29 14:46:04',NULL,NULL),(330,'ADMIN_10','M0002700','1','2020-06-29 14:46:04',NULL,NULL),(331,'ADMIN_10','M0002710','1','2020-06-29 14:46:04',NULL,NULL),(332,'ADMIN_10','M0002720','1','2020-06-29 14:46:04',NULL,NULL),(333,'ADMIN_10','M0002730','1','2020-06-29 14:46:04',NULL,NULL),(334,'ADMIN_10','M0002740','1','2020-06-29 14:46:04',NULL,NULL),(335,'ADMIN_10','M0002750','1','2020-06-29 14:46:04',NULL,NULL),(336,'ADMIN_10','M0002760','1','2020-06-29 14:46:04',NULL,NULL),(337,'ADMIN_10','M0002770','1','2020-06-29 14:46:04',NULL,NULL),(338,'ADMIN_10','M0002780','1','2020-06-29 14:46:04',NULL,NULL),(339,'ADMIN_10','M0002790','1','2020-06-29 14:46:04',NULL,NULL),(340,'ADMIN_10','M0002800','1','2020-06-29 14:46:04',NULL,NULL),(341,'ADMIN_10','M0002810','1','2020-06-29 14:46:04',NULL,NULL),(342,'ADMIN_10','M0002820','1','2020-06-29 14:46:04',NULL,NULL),(343,'ADMIN_10','M0002830','1','2020-06-29 14:46:04',NULL,NULL),(344,'ADMIN_10','M0002840','1','2020-06-29 14:46:04',NULL,NULL),(345,'ADMIN_10','M0001850','1','2020-06-29 14:46:04',NULL,NULL),(346,'ADMIN_10','M0001860','1','2020-06-29 14:46:04',NULL,NULL),(347,'ADMIN_10','M0001870','1','2020-06-29 14:46:04',NULL,NULL),(348,'ADMIN_10','M0001880','1','2020-06-29 14:46:04',NULL,NULL),(349,'ADMIN_10','M0001890','1','2020-06-29 14:46:04',NULL,NULL),(350,'ADMIN_10','M0001900','1','2020-06-29 14:46:04',NULL,NULL);
/*!40000 ALTER TABLE `tb_author_menu` ENABLE KEYS */;
UNLOCK TABLES;

--
-- Table structure for table `tb_banner`
--

DROP TABLE IF EXISTS `tb_banner`;
/*!40101 SET @saved_cs_client     = @@character_set_client */;
/*!40101 SET character_set_client = utf8 */;
CREATE TABLE `tb_banner` (
  `BANNER_SEQ` int(11) NOT NULL AUTO_INCREMENT COMMENT '배너 일련',
  `SYS_CODE` varchar(10) DEFAULT NULL COMMENT '시스템 코드',
  `ZONE_CODE` varchar(4) DEFAULT NULL COMMENT '구역 코드',
  `BANNER_NM` varchar(100) DEFAULT NULL COMMENT '배너 명',
  `WEB_IMAGE_DOC_ID` varchar(45) DEFAULT NULL COMMENT '웹 이미지 문서 아이디',
  `MOBILE_IMAGE_DOC_ID` varchar(45) DEFAULT NULL COMMENT '모바일 이미지 문서 아이디',
  `DISP_YN` varchar(1) DEFAULT NULL COMMENT '전시 가부',
  `ATTRB_1` varchar(1000) DEFAULT NULL COMMENT '속성1',
  `ATTRB_2` varchar(1000) DEFAULT NULL COMMENT '속성2',
  `ATTRB_3` varchar(1000) DEFAULT NULL COMMENT '속성3',
  `REGISTER_NO` varchar(10) DEFAULT NULL COMMENT '등록자 번호',
  `REGIST_DT` datetime DEFAULT NULL COMMENT '등록 일시',
  `UPDUSR_NO` varchar(10) DEFAULT NULL COMMENT '수정자 번호',
  `UPDT_DT` datetime DEFAULT NULL COMMENT '수정 일시',
  PRIMARY KEY (`BANNER_SEQ`)
) ENGINE=InnoDB DEFAULT CHARSET=utf8 COMMENT='배너';
/*!40101 SET character_set_client = @saved_cs_client */;

--
-- Dumping data for table `tb_banner`
--

LOCK TABLES `tb_banner` WRITE;
/*!40000 ALTER TABLE `tb_banner` DISABLE KEYS */;
/*!40000 ALTER TABLE `tb_banner` ENABLE KEYS */;
UNLOCK TABLES;

--
-- Table structure for table `tb_banner_image`
--

DROP TABLE IF EXISTS `tb_banner_image`;
/*!40101 SET @saved_cs_client     = @@character_set_client */;
/*!40101 SET character_set_client = utf8 */;
CREATE TABLE `tb_banner_image` (
  `BANNER_IMAGE_SEQ` int(11) NOT NULL AUTO_INCREMENT COMMENT '배너 일련',
  `DOC_ID` varchar(100) DEFAULT NULL COMMENT '문서 아이디',
  `FILE_ID` varchar(60) DEFAULT NULL COMMENT '파일 아이디',
  `FILE_NM` varchar(200) DEFAULT NULL COMMENT '파일 명',
  `FILE_EXTSN_NM` varchar(100) DEFAULT NULL COMMENT '파일 확장자 명',
  `FILE_SIZE` varchar(100) DEFAULT NULL COMMENT '파일 사이즈',
  `FILE_PARTN_COURS` varchar(200) DEFAULT NULL COMMENT '파일 상대 경로',
  `FILE_ABSLT_COURS` varchar(200) DEFAULT NULL COMMENT '파일 절대 경로',
  `CNTNTS_TY` varchar(100) DEFAULT NULL COMMENT '콘텐츠 유형',
  `LINK_URL` varchar(1000) DEFAULT NULL COMMENT '링크URL',
  `SORT_ORDR` int(11) DEFAULT NULL COMMENT '정렬 순서',
  `DISP_YN` varchar(1) DEFAULT 'Y' COMMENT '전시 가부',
  `ATTRB_1` varchar(1000) DEFAULT NULL COMMENT '속성 1',
  `ATTRB_2` varchar(1000) DEFAULT NULL COMMENT '속성 2',
  `ATTRB_3` varchar(1000) DEFAULT NULL COMMENT '속성 3',
  `REGISTER_NO` varchar(10) DEFAULT NULL COMMENT '등록자 번호',
  `REGIST_DT` datetime DEFAULT NULL COMMENT '등록 일시',
  PRIMARY KEY (`BANNER_IMAGE_SEQ`)
) ENGINE=InnoDB DEFAULT CHARSET=utf8 COMMENT='배너 이미지';
/*!40101 SET character_set_client = @saved_cs_client */;

--
-- Dumping data for table `tb_banner_image`
--

LOCK TABLES `tb_banner_image` WRITE;
/*!40000 ALTER TABLE `tb_banner_image` DISABLE KEYS */;
/*!40000 ALTER TABLE `tb_banner_image` ENABLE KEYS */;
UNLOCK TABLES;

--
-- Table structure for table `tb_bbs`
--

DROP TABLE IF EXISTS `tb_bbs`;
/*!40101 SET @saved_cs_client     = @@character_set_client */;
/*!40101 SET character_set_client = utf8 */;
CREATE TABLE `tb_bbs` (
  `BBS_SEQ` int(11) NOT NULL AUTO_INCREMENT COMMENT '게시판 일련',
  `SYS_CODE` varchar(10) DEFAULT NULL COMMENT '시스템 코드',
  `BBS_CODE` varchar(5) DEFAULT NULL COMMENT '게시판 코드',
  `SJ` varchar(500) DEFAULT NULL COMMENT '제목',
  `CN` longtext DEFAULT NULL COMMENT '내용',
  `TEXT_CN` longtext DEFAULT NULL COMMENT '텍스트 내용',
  `THUMB_DOC_ID` varchar(100) DEFAULT NULL COMMENT '썸네일 문서 아이디',
  `IMAGE_DOC_ID` varchar(100) DEFAULT NULL COMMENT '이미지 문서 아이디',
  `DOC_ID` varchar(100) DEFAULT NULL COMMENT '문서 아이디',
  `HIT_CNT` int(11) DEFAULT NULL COMMENT '히트 카운트',
  `KWRD` varchar(4000) DEFAULT NULL COMMENT '키워드',
  `MVP_URL` varchar(1000) DEFAULT NULL COMMENT '동영상URL',
  `LINK_URL` varchar(1000) DEFAULT NULL COMMENT '링크URL',
  `CMMNTY_ID` varchar(20) DEFAULT NULL COMMENT '커뮤니티 아이디',
  `BOARD_ID` int(11) DEFAULT NULL COMMENT '전광판 이이디',
  `IMPRTNC_YN` varchar(1) DEFAULT NULL COMMENT '중요 가부',
  `IMPRTNC_ORDR` int(11) DEFAULT NULL COMMENT '중요 순서',
  `DISP_YN` varchar(1) DEFAULT 'Y' COMMENT '전시 가부',
  `OPEN_YN` varchar(1) DEFAULT NULL COMMENT '개방형 가부',
  `SEARCH_CN` longtext DEFAULT NULL COMMENT '검색 내용',
  `RM` varchar(4000) DEFAULT NULL COMMENT '비고',
  `BEFORE_SEQ` varchar(100) DEFAULT NULL COMMENT '이전 SEQ',
  `TRNSFER_DT` datetime DEFAULT NULL COMMENT '이관 일시',
  `REGISTER_NO` varchar(10) DEFAULT NULL COMMENT '등록자 번호',
  `REGIST_DT` datetime DEFAULT NULL COMMENT '등록 일시',
  `UPDUSR_NO` varchar(10) DEFAULT NULL COMMENT '수정자 번호',
  `UPDT_DT` datetime DEFAULT NULL COMMENT '수정 일시',
  PRIMARY KEY (`BBS_SEQ`)
) ENGINE=InnoDB DEFAULT CHARSET=utf8 COMMENT='게시판';
/*!40101 SET character_set_client = @saved_cs_client */;

--
-- Dumping data for table `tb_bbs`
--

LOCK TABLES `tb_bbs` WRITE;
/*!40000 ALTER TABLE `tb_bbs` DISABLE KEYS */;
/*!40000 ALTER TABLE `tb_bbs` ENABLE KEYS */;
UNLOCK TABLES;

--
-- Table structure for table `tb_bbs_answer`
--

DROP TABLE IF EXISTS `tb_bbs_answer`;
/*!40101 SET @saved_cs_client     = @@character_set_client */;
/*!40101 SET character_set_client = utf8 */;
CREATE TABLE `tb_bbs_answer` (
  `ANSWER_SEQ` int(11) NOT NULL AUTO_INCREMENT COMMENT '답변 일련',
  `SYS_CODE` varchar(10) DEFAULT NULL COMMENT '시스템 코드',
  `BBS_SEQ` int(11) DEFAULT NULL COMMENT '게시판 일련',
  `CN` longtext DEFAULT NULL COMMENT '내용',
  `IMAGE_DOC_ID` varchar(45) DEFAULT NULL COMMENT '이미지 문서 아이디',
  `DOC_ID` varchar(45) DEFAULT NULL COMMENT '문서 아이디',
  `CMMNTY_ID` varchar(20) DEFAULT NULL COMMENT '커뮤니티 아이디',
  `BOARD_ID` int(11) DEFAULT NULL COMMENT '전광판 아이디',
  `TRNSFER_DT` datetime DEFAULT NULL COMMENT '이관 일시',
  `REGISTER_NO` varchar(10) DEFAULT NULL COMMENT '등록자 번호',
  `REGIST_DT` datetime DEFAULT NULL COMMENT '등록 일시',
  `UPDUSR_NO` varchar(10) DEFAULT NULL COMMENT '수정자 번호',
  `UPDT_DT` datetime DEFAULT NULL COMMENT '수정 일시',
  PRIMARY KEY (`ANSWER_SEQ`)
) ENGINE=InnoDB DEFAULT CHARSET=utf8 COMMENT='게시판 답변';
/*!40101 SET character_set_client = @saved_cs_client */;

--
-- Dumping data for table `tb_bbs_answer`
--

LOCK TABLES `tb_bbs_answer` WRITE;
/*!40000 ALTER TABLE `tb_bbs_answer` DISABLE KEYS */;
/*!40000 ALTER TABLE `tb_bbs_answer` ENABLE KEYS */;
UNLOCK TABLES;

--
-- Table structure for table `tb_bbs_author`
--

DROP TABLE IF EXISTS `tb_bbs_author`;
/*!40101 SET @saved_cs_client     = @@character_set_client */;
/*!40101 SET character_set_client = utf8 */;
CREATE TABLE `tb_bbs_author` (
  `BBS_CODE` varchar(8) NOT NULL COMMENT '게시판 코드',
  `AUTHOR_ID` varchar(20) NOT NULL COMMENT '권한 아이디',
  PRIMARY KEY (`BBS_CODE`,`AUTHOR_ID`)
) ENGINE=InnoDB DEFAULT CHARSET=utf8 COMMENT='게시판 권한';
/*!40101 SET character_set_client = @saved_cs_client */;

--
-- Dumping data for table `tb_bbs_author`
--

LOCK TABLES `tb_bbs_author` WRITE;
/*!40000 ALTER TABLE `tb_bbs_author` DISABLE KEYS */;
/*!40000 ALTER TABLE `tb_bbs_author` ENABLE KEYS */;
UNLOCK TABLES;

--
-- Table structure for table `tb_bbs_manage`
--

DROP TABLE IF EXISTS `tb_bbs_manage`;
/*!40101 SET @saved_cs_client     = @@character_set_client */;
/*!40101 SET character_set_client = utf8 */;
CREATE TABLE `tb_bbs_manage` (
  `BBS_CODE` varchar(5) NOT NULL COMMENT '게시판 코드',
  `SYS_CODE` varchar(10) DEFAULT NULL COMMENT '기관 코드',
  `BBS_TY_CODE` varchar(10) DEFAULT NULL COMMENT '게시판 타입 코드',
  `BBS_NM` varchar(100) DEFAULT NULL COMMENT '게시판 명',
  `EDITR_YN` varchar(1) DEFAULT NULL COMMENT '에디터 가부',
  `ATCH_FILE_YN` varchar(1) DEFAULT NULL COMMENT '첨부 파일 가부',
  `KWRD_YN` varchar(1) DEFAULT NULL COMMENT '키워드 가부',
  `LINK_URL_YN` varchar(1) DEFAULT NULL COMMENT '링크 URL 가부',
  `MVP_URL_YN` varchar(1) DEFAULT NULL COMMENT '동영상 URL 가부',
  `ANSWER_YN` varchar(1) DEFAULT NULL COMMENT '답변  가부',
  `ANSWER_EDITR_YN` varchar(1) DEFAULT NULL COMMENT '답변 에디터 가부',
  `ANSWER_ATCH_FILE_YN` varchar(1) DEFAULT NULL COMMENT '답변 첨부 파일 가부',
  `USE_YN` varchar(1) DEFAULT NULL COMMENT '사용 가부',
  `REGIST_YN` varchar(1) DEFAULT NULL COMMENT '등록 가부',
  `MNGR_ANSWER_YN` varchar(1) DEFAULT NULL COMMENT '관리자 답변 가부',
  `CNTNTS_CN` longtext DEFAULT NULL COMMENT '콘텐츠 내용',
  `CNTNTS_YN` varchar(1) DEFAULT NULL COMMENT '콘텐츠 가부',
  `CNTNTS_POSITION_CODE` varchar(10) DEFAULT NULL COMMENT '콘텐츠 위치 코드',
  `PASSWORD_YN` varchar(1) DEFAULT NULL COMMENT '비밀번호 가부',
  `NONLOGIN_YN` varchar(1) DEFAULT NULL COMMENT '비로그인 가부',
  `CAPTCHA_YN` varchar(1) DEFAULT NULL COMMENT '캡차 가부',
  `IMAGE_DOC_ID` varchar(45) DEFAULT NULL COMMENT '이미지 문서 아이디',
  `RM` longtext DEFAULT NULL COMMENT '비고',
  `REGISTER_NO` varchar(10) DEFAULT NULL COMMENT '등록자 번호',
  `REGIST_DT` datetime DEFAULT NULL COMMENT '등록 일시',
  `UPDUSR_NO` varchar(10) DEFAULT NULL COMMENT '수정자 번호',
  `UPDT_DT` datetime DEFAULT NULL COMMENT '수정 일시',
  PRIMARY KEY (`BBS_CODE`)
) ENGINE=InnoDB DEFAULT CHARSET=utf8 COMMENT='게시판 관리';
/*!40101 SET character_set_client = @saved_cs_client */;

--
-- Dumping data for table `tb_bbs_manage`
--

LOCK TABLES `tb_bbs_manage` WRITE;
/*!40000 ALTER TABLE `tb_bbs_manage` DISABLE KEYS */;
/*!40000 ALTER TABLE `tb_bbs_manage` ENABLE KEYS */;
UNLOCK TABLES;

--
-- Table structure for table `tb_cntnts`
--

DROP TABLE IF EXISTS `tb_cntnts`;
/*!40101 SET @saved_cs_client     = @@character_set_client */;
/*!40101 SET character_set_client = utf8 */;
CREATE TABLE `tb_cntnts` (
  `CNTNTS_SEQ` int(11) NOT NULL AUTO_INCREMENT COMMENT '콘텐츠 일련',
  `CNTNTS_ID` varchar(8) DEFAULT NULL COMMENT '콘텐츠 아이디',
  `SYS_CODE` varchar(10) DEFAULT NULL COMMENT '시스템 코드 ',
  `SJ` varchar(200) DEFAULT NULL COMMENT '제목',
  `CN` longtext DEFAULT NULL COMMENT '내용',
  `TEXT_CN` longtext DEFAULT NULL COMMENT '텍스트 내용',
  `DOC_ID` varchar(45) DEFAULT NULL COMMENT '문서 아이디',
  `IMAGE_DOC_ID` varchar(45) DEFAULT NULL COMMENT '이미지 문서 아이디',
  `HIT_CNT` int(11) DEFAULT NULL COMMENT '히트 카운트',
  `KWRD` varchar(4000) DEFAULT NULL COMMENT '키워드',
  `LAST_VER` varchar(10) DEFAULT NULL COMMENT '마지막 버전',
  `SCRIPT` varchar(4000) DEFAULT NULL COMMENT '스크립트',
  `DISP_YN` varchar(1) DEFAULT NULL COMMENT '전시 가부',
  `DELETE_YN` varchar(1) DEFAULT NULL COMMENT '삭제 가부',
  `REGISTER_NO` varchar(10) DEFAULT NULL COMMENT '등록자 번호',
  `REGIST_DT` datetime DEFAULT NULL COMMENT '등록 일시',
  `UPDUSR_NO` varchar(10) DEFAULT NULL COMMENT '수정자 번호',
  `UPDT_DT` datetime DEFAULT NULL COMMENT '수정 일시',
  PRIMARY KEY (`CNTNTS_SEQ`)
) ENGINE=InnoDB DEFAULT CHARSET=utf8 COMMENT='콘텐츠';
/*!40101 SET character_set_client = @saved_cs_client */;

--
-- Dumping data for table `tb_cntnts`
--

LOCK TABLES `tb_cntnts` WRITE;
/*!40000 ALTER TABLE `tb_cntnts` DISABLE KEYS */;
/*!40000 ALTER TABLE `tb_cntnts` ENABLE KEYS */;
UNLOCK TABLES;

--
-- Table structure for table `tb_cntnts_ver`
--

DROP TABLE IF EXISTS `tb_cntnts_ver`;
/*!40101 SET @saved_cs_client     = @@character_set_client */;
/*!40101 SET character_set_client = utf8 */;
CREATE TABLE `tb_cntnts_ver` (
  `CNTNTS_SEQ` int(11) DEFAULT NULL COMMENT '콘텐츠 일련',
  `VER` varchar(10) DEFAULT NULL COMMENT '버전',
  `SYS_CODE` varchar(10) DEFAULT NULL COMMENT '시스템 코드 ',
  `SJ` varchar(200) DEFAULT NULL COMMENT '제목',
  `CN` longtext DEFAULT NULL COMMENT '내용',
  `TEXT_CN` longtext DEFAULT NULL COMMENT '텍스트 내용',
  `DOC_ID` varchar(45) DEFAULT NULL COMMENT '문서 아이디',
  `IMAGE_DOC_ID` varchar(45) DEFAULT NULL COMMENT '이미지 문서 아이디',
  `KWRD` varchar(4000) DEFAULT NULL COMMENT '키워드',
  `SCRIPT` varchar(4000) DEFAULT NULL COMMENT '스트립트',
  `REGISTER_NO` varchar(10) DEFAULT NULL COMMENT '등록자 번호',
  `REGIST_DT` datetime DEFAULT NULL COMMENT '등록 일시'
) ENGINE=InnoDB DEFAULT CHARSET=utf8 COMMENT='콘텐츠 버전';
/*!40101 SET character_set_client = @saved_cs_client */;

--
-- Dumping data for table `tb_cntnts_ver`
--

LOCK TABLES `tb_cntnts_ver` WRITE;
/*!40000 ALTER TABLE `tb_cntnts_ver` DISABLE KEYS */;
/*!40000 ALTER TABLE `tb_cntnts_ver` ENABLE KEYS */;
UNLOCK TABLES;

--
-- Table structure for table `tb_code`
--

DROP TABLE IF EXISTS `tb_code`;
/*!40101 SET @saved_cs_client     = @@character_set_client */;
/*!40101 SET character_set_client = utf8 */;
CREATE TABLE `tb_code` (
  `GROUP_ID` varchar(20) NOT NULL COMMENT '그룹 아이디',
  `GROUP_NM` varchar(100) DEFAULT NULL COMMENT '그룹 명',
  `CODE` varchar(10) NOT NULL,
  `CODE_NM` varchar(100) DEFAULT NULL COMMENT '코드 명',
  `CODE_NM_ENG` varchar(100) DEFAULT NULL COMMENT '코드 명 영문',
  `ATTRB_1` varchar(100) DEFAULT NULL COMMENT '속성 1',
  `ATTRB_2` varchar(100) DEFAULT NULL COMMENT '속성 2',
  `ATTRB_3` varchar(100) DEFAULT NULL COMMENT '속성 3',
  `SORT_ORDR` int(11) DEFAULT NULL COMMENT '정렬 순서',
  `USE_YN` varchar(1) DEFAULT NULL COMMENT '사용 가부',
  `REGISTER_NO` varchar(10) DEFAULT NULL COMMENT '등록자 번호',
  `REGIST_DT` datetime DEFAULT NULL COMMENT '등록 일시',
  `UPDUSR_NO` varchar(10) DEFAULT NULL COMMENT '수정자 번호',
  `UPDT_DT` datetime DEFAULT NULL COMMENT '수정 일시',
  PRIMARY KEY (`GROUP_ID`,`CODE`)
) ENGINE=InnoDB DEFAULT CHARSET=utf8 COMMENT='코드';
/*!40101 SET character_set_client = @saved_cs_client */;

--
-- Dumping data for table `tb_code`
--

LOCK TABLES `tb_code` WRITE;
/*!40000 ALTER TABLE `tb_code` DISABLE KEYS */;
INSERT INTO `tb_code` VALUES ('R000010','사용 여부','N','아니오','NO',NULL,NULL,NULL,10,'Y','1','2020-04-09 15:56:04',NULL,NULL),('R000010','사용 여부','Y','예','YES',NULL,NULL,NULL,20,'Y','1','2020-04-09 15:56:04',NULL,NULL),('R000020','삭제 여부','N','아니오','NO','','','',10,'Y','1','2020-04-21 17:29:36',NULL,NULL),('R000020','삭제 여부','Y','예','YES','','','',20,'Y','1','2020-04-21 17:29:36',NULL,NULL),('R000030','시스템 코드','10','관리자 시스템_10','','admin_10','A','',10,'Y','1','2020-06-15 21:01:58',NULL,NULL),('R000030','시스템 코드','20','관리자 시스템_20','','admin_20','B','',20,'Y','1','2020-06-15 21:01:58',NULL,NULL),('R000030','시스템 코드','30','관리자 시스템_30','','admin_30','C','',30,'Y','1','2020-06-15 21:01:58',NULL,NULL),('R000040','페이지 당 목록 수','10','10개','','','','',10,'Y','1','2020-06-22 13:20:43',NULL,NULL),('R000040','페이지 당 목록 수','100','100개','','','','',40,'Y','1','2020-06-22 13:20:43',NULL,NULL),('R000040','페이지 당 목록 수','30','30개','','','','',20,'Y','1','2020-06-22 13:20:43',NULL,NULL),('R000040','페이지 당 목록 수','50','50개','','','','',30,'Y','1','2020-06-22 13:20:43',NULL,NULL),('R000050','시설 코드','10','시설코드1','','','','',10,'Y','1','2020-06-12 17:06:46',NULL,NULL),('R000050','시설 코드','20','시설코드2','','','','',20,'Y','1','2020-06-12 17:06:46',NULL,NULL),('R000060','좌표 코드','TM','TM',NULL,NULL,NULL,NULL,10,'Y','1','2020-04-08 14:26:45',NULL,NULL),('R000060','좌표 코드','UTM','UTM',NULL,NULL,NULL,NULL,20,'Y','1','2020-04-08 14:26:45',NULL,NULL),('R000060','좌표 코드','W84','WGS84',NULL,NULL,NULL,NULL,30,'Y','1','2020-04-08 14:26:45',NULL,NULL),('R000070','메뉴 타입 코드','10','카테고리','CATEGORY','','','',10,'Y','1','2020-06-29 15:52:17',NULL,NULL),('R000070','메뉴 타입 코드','20','메뉴','MENU','','','',20,'Y','1','2020-06-29 15:52:17',NULL,NULL),('R000070','메뉴 타입 코드','30','페이지','PAGE','','','',30,'Y','1','2020-06-29 15:52:17',NULL,NULL),('R000070','메뉴 타입 코드','40','기능','FUNCTION','','','',40,'Y','1','2020-06-29 15:52:17',NULL,NULL),('R000080','메뉴 구분 코드','10','게시판 코드','','','','',10,'Y','1','2020-04-13 13:42:47',NULL,NULL),('R000080','메뉴 구분 코드','20','콘텐츠 ID','','','','',20,'Y','1','2020-04-13 13:42:47',NULL,NULL),('R000080','메뉴 구분 코드','30','직접입력','','','','',30,'Y','1','2020-04-13 13:42:47',NULL,NULL),('R000090','연락처 구분 코드','10','집','HOUSE',NULL,NULL,NULL,10,'Y','1','2020-04-08 14:26:45',NULL,NULL),('R000090','연락처 구분 코드','20','직장','WRC',NULL,NULL,NULL,30,'Y','1','2020-04-08 14:26:45',NULL,NULL),('R000090','연락처 구분 코드','30','휴대폰','MOBLPHON',NULL,NULL,NULL,40,'Y','1','2020-04-08 14:26:45',NULL,NULL),('R000100','사용자 상태 코드','0','입시가입','TMPR','','','',10,'Y','1','2020-06-12 17:06:34',NULL,NULL),('R000100','사용자 상태 코드','10','활동','ACT','','','',20,'Y','1','2020-06-12 17:06:34',NULL,NULL),('R000100','사용자 상태 코드','20','탈퇴','SECSN','','','',30,'Y','1','2020-06-12 17:06:34',NULL,NULL),('R000100','사용자 상태 코드','99','정지','STOP','','','',40,'Y','1','2020-06-12 17:06:34',NULL,NULL),('R000110','사용자 구분 코드','10','관리자','','','','',10,'Y','1','2020-06-17 13:12:18',NULL,NULL),('R000110','사용자 구분 코드','20','사용자','','','','',20,'Y','1','2020-06-17 13:12:18',NULL,NULL),('R000120','게시판 타입 코드','10','일반 게시판','','/common/images/bbsmng/bbs_icon1.png','','',10,'Y','1','2020-06-17 16:57:47',NULL,NULL),('R000120','게시판 타입 코드','11','일반 게시판-심플','','/common/images/bbsmng/bbs_icon2.png','','',20,'Y','1','2020-06-17 16:57:47',NULL,NULL),('R000120','게시판 타입 코드','20','뉴스레터','','/common/images/bbsmng/bbs_icon3.png','','',30,'Y','1','2020-06-17 16:57:47',NULL,NULL),('R000120','게시판 타입 코드','30','포토 갤러리','','/common/images/bbsmng/bbs_icon4.png','','',40,'Y','1','2020-06-17 16:57:47',NULL,NULL),('R000120','게시판 타입 코드','31','포토 갤러리-심플','','/common/images/bbsmng/bbs_icon5.png','','',50,'Y','1','2020-06-17 16:57:47',NULL,NULL),('R000130','게시판 콘텐츠 위치 코드','10','상단','upper','','','',10,'Y','1','2020-06-15 11:00:40',NULL,NULL),('R000130','게시판 콘텐츠 위치 코드','20','하단','bottom','','','',20,'Y','1','2020-06-15 11:00:40',NULL,NULL),('R000140','팝업 구분 코드','10','메일 레이어 팝업',NULL,NULL,NULL,NULL,10,'Y','1','2020-04-08 14:26:45',NULL,NULL),('R000140','팝업 구분 코드','20','메일 작업공지 팝업',NULL,NULL,NULL,NULL,20,'Y','1','2020-04-08 14:26:45',NULL,NULL),('R000150','배너 영역 코드','10','메인 - 롤링 배너','','이미지 사이즈: 1920x420','이미지 사이즈: 720x250','',10,'Y','1','2020-05-11 13:10:53',NULL,NULL),('R000150','배너 영역 코드','100','메인 - 35% 일반 슬림 배너(개발/발전)','','이미지 사이즈:376x70','이미지 사이즈:720x100','',160,'Y','1','2020-05-11 13:10:53',NULL,NULL),('R000150','배너 영역 코드','110','메인 - 35% 일반 배너(개발/발전)','','이미지 사이즈: 340x300','이미지 사이즈: 640x200','',80,'Y','1','2020-05-11 13:10:53',NULL,NULL),('R000150','배너 영역 코드','120','메인 - 35% 롤링 배너(개발/발전)','','이미지 사이즈: 340x300','이미지 사이즈: 640x200','',70,'Y','1','2020-05-11 13:10:53',NULL,NULL),('R000150','배너 영역 코드','130','메인 - 25% 일반 슬림 배너(개발/발전)','','이미지 사이즈:241x90','이미지 사이즈:720x100','',170,'Y','1','2020-05-11 13:10:53',NULL,NULL),('R000150','배너 영역 코드','140','메인 - 25% 일반 배너2(개발/발전)','','이미지 사이즈: 235x285','사용안함','',120,'Y','1','2020-05-11 13:10:53',NULL,NULL),('R000150','배너 영역 코드','150','메인 - 25% 일반 배너(개발/발전)','','이미지 사이즈: 250x250','사용안함','',110,'Y','1','2020-05-11 13:10:53',NULL,NULL),('R000150','배너 영역 코드','160','메인 - 25% 이중 슬림 배너(개발/발전)','','이미지 사이즈: 245x150','사용안함','',100,'Y','1','2020-05-11 13:10:53',NULL,NULL),('R000150','배너 영역 코드','170','메인 - 25% 롤링 배너(개발/발전)','','이미지 사이즈: 237x250','이미지 사이즈: 640x200','',90,'Y','1','2020-05-11 13:10:53',NULL,NULL),('R000150','배너 영역 코드','20','메인 - 롤링 배너 퀵링크(개발/발전)','','이미지 사이즈: 21x21','이미지 사이즈: 21x21','',20,'Y','1','2020-05-11 13:10:53',NULL,NULL),('R000150','배너 영역 코드','30','메인 - 서브 롤링 배너 A','','이미지 사이즈: 500x230','이미지 사이즈: 640x200','',30,'Y','1','2020-05-11 13:10:53',NULL,NULL),('R000150','배너 영역 코드','40','메인 - 서브 배너 A','','이미지 사이즈: 237x322','사용안함','',40,'Y','1','2020-05-11 13:10:53',NULL,NULL),('R000150','배너 영역 코드','50','메인 - 퀵링크(개발/발전)','','이미지 사이즈: 35x35','사용안함','',50,'Y','1','2020-05-11 13:10:53',NULL,NULL),('R000150','배너 영역 코드','60','메인 - 퀵링크2(개발/발전)','','이미지 사이즈: 35x35','사용안함','',60,'Y','1','2020-05-11 13:10:53',NULL,NULL),('R000150','배너 영역 코드','70','메인 - 관련기관 배너(개발/발전)','','이미지 사이즈: 172x58','사용안함','',150,'Y','1','2020-05-11 13:10:53',NULL,NULL),('R000150','배너 영역 코드','80','메인 - 50% 일반 슬림 배너(개발/발전)','','이미지 사이즈: 490x75','이미지 사이즈: 490x75','',140,'Y','1','2020-05-11 13:10:53',NULL,NULL),('R000150','배너 영역 코드','90','메인 - 50% 롤링 배너(개발/발전)','','이미지 사이즈: 490x300','이미지 사이즈: 640x200','',130,'Y','1','2020-05-11 13:10:53',NULL,NULL),('R000160','퀵메뉴 영역 코드','10','메인 - 퀵메뉴','','이미지 사이즈: 1920x420','이미지 사이즈: 720x250','',10,'Y','1','2020-05-11 13:10:38',NULL,NULL),('R000160','퀵메뉴 영역 코드','20','메인 - 퀵메뉴 슬림','','이미지 사이즈: 21x21','이미지 사이즈: 21x21','',20,'Y','1','2020-05-11 13:10:38',NULL,NULL);
/*!40000 ALTER TABLE `tb_code` ENABLE KEYS */;
UNLOCK TABLES;

--
-- Table structure for table `tb_code_group`
--

DROP TABLE IF EXISTS `tb_code_group`;
/*!40101 SET @saved_cs_client     = @@character_set_client */;
/*!40101 SET character_set_client = utf8 */;
CREATE TABLE `tb_code_group` (
  `GROUP_ID` varchar(20) NOT NULL COMMENT '그룹 아이디',
  `GROUP_NM` varchar(100) DEFAULT NULL COMMENT '그룹 명',
  `GROUP_NM_ENG` varchar(100) DEFAULT NULL COMMENT '그룹 명 영문',
  `RM` varchar(200) DEFAULT NULL COMMENT '비고',
  `REGISTER_NO` varchar(10) DEFAULT NULL COMMENT '등록자 번호',
  `REGIST_DT` datetime DEFAULT NULL COMMENT '등록 일시',
  `UPDUSR_NO` varchar(10) DEFAULT NULL COMMENT '수정자 번호',
  `UPDT_DT` datetime DEFAULT NULL COMMENT '수정 일시',
  PRIMARY KEY (`GROUP_ID`)
) ENGINE=InnoDB DEFAULT CHARSET=utf8 COMMENT='코드 그룹';
/*!40101 SET character_set_client = @saved_cs_client */;

--
-- Dumping data for table `tb_code_group`
--

LOCK TABLES `tb_code_group` WRITE;
/*!40000 ALTER TABLE `tb_code_group` DISABLE KEYS */;
INSERT INTO `tb_code_group` VALUES ('R000010','사용 여부','USE_YN','','1','2020-04-08 13:36:28','1','2020-04-09 15:56:04'),('R000020','삭제 여부','','','1','2020-04-08 13:45:14','1','2020-04-21 17:29:36'),('R000030','시스템 코드','SYS_CODE','','1','2020-04-08 13:36:28','1','2020-06-15 21:01:58'),('R000040','페이지 당 목록 수','row per page','','1','2020-04-08 13:36:28','1','2020-06-22 13:20:43'),('R000050','시설 코드','','','1','2020-04-08 13:36:28','26','2020-06-12 17:06:46'),('R000060','좌표 코드',NULL,NULL,'1','2020-04-08 13:36:28',NULL,NULL),('R000070','메뉴 타입 코드','MENU_TY_CODE','','1','2020-04-08 13:36:28','1','2020-06-29 15:52:17'),('R000080','메뉴 구분 코드','MENU_SE_CODE','','1','2020-04-08 13:36:28','1','2020-04-13 13:42:47'),('R000090','연락처 구분 코드','CTTPC_SE_CODE',NULL,'1','2020-04-08 13:36:28',NULL,NULL),('R000100','사용자 상태 코드','USER_STTUS_CODE','','1','2020-04-08 13:36:28','26','2020-06-12 17:06:34'),('R000110','사용자 구분 코드','USER_SE_CODE','','1','2020-04-08 13:36:28','1','2020-06-17 13:12:18'),('R000120','게시판 타입 코드','BBS_TY_CODE','','1','2020-04-08 13:36:28','1','2020-06-17 16:57:47'),('R000130','게시판 콘텐츠 위치 코드','BBS_CNTNTS_POSITION','','1','2020-04-08 13:36:28','1','2020-06-15 11:00:40'),('R000140','팝업 구분 코드','POPUP_SE_CODE',NULL,'1','2020-04-08 13:36:28',NULL,NULL),('R000150','배너 영역 코드','BANNER_ZONE_CODE','','1','2020-04-08 13:36:28','1','2020-05-11 13:10:53'),('R000160','퀵메뉴 영역 코드','QUICK_ZONE_CODE','','1','2020-05-11 13:02:28','1','2020-05-11 13:10:38');
/*!40000 ALTER TABLE `tb_code_group` ENABLE KEYS */;
UNLOCK TABLES;

--
-- Table structure for table `tb_error_event_log`
--

DROP TABLE IF EXISTS `tb_error_event_log`;
/*!40101 SET @saved_cs_client     = @@character_set_client */;
/*!40101 SET character_set_client = utf8 */;
CREATE TABLE `tb_error_event_log` (
  `EVENT_DE` varchar(8) DEFAULT NULL COMMENT '이벤트 일자',
  `REQUST_URL` varchar(1000) DEFAULT NULL COMMENT '요청URL',
  `MENU_PK` varchar(8) DEFAULT NULL COMMENT '메뉴 기본키',
  `IP` varchar(39) DEFAULT NULL COMMENT '아이피',
  `PARAM_VALUE` longtext DEFAULT NULL COMMENT 'PARAM 값',
  `ERROR_VALUE` longtext DEFAULT NULL COMMENT 'ERROR 값',
  `REGISTER_NO` varchar(10) DEFAULT NULL COMMENT '등록자 번호',
  `REGIST_DT` datetime DEFAULT NULL COMMENT '등록 일시'
) ENGINE=InnoDB DEFAULT CHARSET=utf8 COMMENT='에러 이벤트 로그';
/*!40101 SET character_set_client = @saved_cs_client */;

--
-- Dumping data for table `tb_error_event_log`
--

LOCK TABLES `tb_error_event_log` WRITE;
/*!40000 ALTER TABLE `tb_error_event_log` DISABLE KEYS */;
/*!40000 ALTER TABLE `tb_error_event_log` ENABLE KEYS */;
UNLOCK TABLES;

--
-- Table structure for table `tb_file`
--

DROP TABLE IF EXISTS `tb_file`;
/*!40101 SET @saved_cs_client     = @@character_set_client */;
/*!40101 SET character_set_client = utf8 */;
CREATE TABLE `tb_file` (
  `FILE_ID` varchar(60) NOT NULL COMMENT '파일 아이디',
  `DOC_ID` varchar(45) DEFAULT NULL COMMENT '문서 아이디',
  `FILE_NM` varchar(200) DEFAULT NULL COMMENT '파일 명',
  `FILE_EXTSN_NM` varchar(100) DEFAULT NULL COMMENT '파일 확장자 명',
  `FILE_SIZE` varchar(100) DEFAULT NULL COMMENT '파일 사이즈',
  `FILE_PARTN_COURS` varchar(200) DEFAULT NULL COMMENT '파일 상대 경로',
  `FILE_ABSLT_COURS` varchar(200) DEFAULT NULL COMMENT '파일 절대 경로',
  `CNTNTS_TY` varchar(100) DEFAULT NULL COMMENT '콘텐츠 유형',
  `SORT_ORDR` int(11) DEFAULT NULL COMMENT '정렬 순서',
  `REGISTER_NO` varchar(10) DEFAULT NULL COMMENT '등록자 번호',
  `REGIST_DT` datetime DEFAULT NULL COMMENT '등록 일시',
  PRIMARY KEY (`FILE_ID`)
) ENGINE=InnoDB DEFAULT CHARSET=utf8 COMMENT='파일';
/*!40101 SET character_set_client = @saved_cs_client */;

--
-- Dumping data for table `tb_file`
--

LOCK TABLES `tb_file` WRITE;
/*!40000 ALTER TABLE `tb_file` DISABLE KEYS */;
/*!40000 ALTER TABLE `tb_file` ENABLE KEYS */;
UNLOCK TABLES;

--
-- Table structure for table `tb_log_stre_pd`
--

DROP TABLE IF EXISTS `tb_log_stre_pd`;
/*!40101 SET @saved_cs_client     = @@character_set_client */;
/*!40101 SET character_set_client = utf8 */;
CREATE TABLE `tb_log_stre_pd` (
  `LOG_STRE_PD` varchar(10) NOT NULL COMMENT '로그 저장 기간',
  `REGISTER_NO` varchar(10) DEFAULT NULL COMMENT '등록자 번호',
  `REGIST_DT` datetime DEFAULT NULL COMMENT '등록 일시'
) ENGINE=InnoDB DEFAULT CHARSET=utf8 COMMENT='로그 저장 기간';
/*!40101 SET character_set_client = @saved_cs_client */;

--
-- Dumping data for table `tb_log_stre_pd`
--

LOCK TABLES `tb_log_stre_pd` WRITE;
/*!40000 ALTER TABLE `tb_log_stre_pd` DISABLE KEYS */;
INSERT INTO `tb_log_stre_pd` VALUES ('0','1','2020-06-29 15:35:32');
/*!40000 ALTER TABLE `tb_log_stre_pd` ENABLE KEYS */;
UNLOCK TABLES;

--
-- Table structure for table `tb_m_unity`
--

DROP TABLE IF EXISTS `tb_m_unity`;
/*!40101 SET @saved_cs_client     = @@character_set_client */;
/*!40101 SET character_set_client = utf8 */;
CREATE TABLE `tb_m_unity` (
  `ID` tinyint(4) NOT NULL,
  `NAME` tinyint(4) NOT NULL,
  `USER_ID` tinyint(4) NOT NULL,
  `PASSWORD` tinyint(4) NOT NULL,
  `MEMBER_KIND_CODE` tinyint(4) NOT NULL,
  `MEMBER_TYPE_CODE` tinyint(4) NOT NULL,
  `MEMBER_TYPE_APPROVAL_DATE` tinyint(4) NOT NULL,
  `MEMBER_TYPE_APPROVAL_ID` tinyint(4) NOT NULL,
  `TEMPORARY_KEY` tinyint(4) NOT NULL,
  `VALIDATE_FLAG` tinyint(4) NOT NULL,
  `VALIDATE_DATE` tinyint(4) NOT NULL,
  `ENTRY_STATUS_CODE` tinyint(4) NOT NULL,
  `ENTRY_ORGAN_CODE` tinyint(4) NOT NULL,
  `PASSWORD_REISSUE_Q` tinyint(4) NOT NULL,
  `PASSWORD_REISSUE_A` tinyint(4) NOT NULL,
  `ENTRY_DATE` tinyint(4) NOT NULL,
  `LAST_LOGIN_DATE` tinyint(4) NOT NULL,
  `SOURCE_TABLE` tinyint(4) NOT NULL,
  `INPUT_ID` tinyint(4) NOT NULL,
  `INPUT_DATE` tinyint(4) NOT NULL,
  `UPDATE_ID` tinyint(4) NOT NULL,
  `UPDATE_DATE` tinyint(4) NOT NULL,
  `RESIDENT_NO1` tinyint(4) NOT NULL,
  `RESIDENT_NO2` tinyint(4) NOT NULL,
  `RESIDENT_NO` tinyint(4) NOT NULL,
  `VNUMBER` tinyint(4) NOT NULL,
  `DUPINFO` tinyint(4) NOT NULL,
  `ESCAPE_DATE` tinyint(4) NOT NULL,
  `EXCHANGE_KEY` tinyint(4) NOT NULL,
  `ESCAPE_CAUSE` tinyint(4) NOT NULL,
  `PHARMAI_GROUP_YN` tinyint(4) NOT NULL,
  `COINFO` tinyint(4) NOT NULL,
  `PASS_CH_DATE` tinyint(4) NOT NULL,
  `PW_CHG_FLG` tinyint(4) NOT NULL,
  `ADMIN_YN` tinyint(4) NOT NULL,
  `LOGIN_FAIL_CNT` tinyint(4) NOT NULL,
  `CHARGE_ORGAN_CODE` tinyint(4) NOT NULL
) ENGINE=InnoDB DEFAULT CHARSET=utf8;
/*!40101 SET character_set_client = @saved_cs_client */;

--
-- Dumping data for table `tb_m_unity`
--

LOCK TABLES `tb_m_unity` WRITE;
/*!40000 ALTER TABLE `tb_m_unity` DISABLE KEYS */;
/*!40000 ALTER TABLE `tb_m_unity` ENABLE KEYS */;
UNLOCK TABLES;

--
-- Table structure for table `tb_m_unity_damo`
--

DROP TABLE IF EXISTS `tb_m_unity_damo`;
/*!40101 SET @saved_cs_client     = @@character_set_client */;
/*!40101 SET character_set_client = utf8 */;
CREATE TABLE `tb_m_unity_damo` (
  `ID` varchar(10) NOT NULL COMMENT '아이디',
  `NAME` varchar(256) NOT NULL COMMENT '성명',
  `USER_ID` varchar(20) DEFAULT NULL COMMENT '인터넷회원 사용자 아이디',
  `PASSWORD` varchar(128) DEFAULT NULL COMMENT '인터넷회원 로그인 패스워드',
  `MEMBER_KIND_CODE` varchar(1) NOT NULL DEFAULT 'I' COMMENT '회원 종류 코드',
  `MEMBER_TYPE_CODE` varchar(1) NOT NULL DEFAULT 'G' COMMENT '회원 구분 코드',
  `MEMBER_TYPE_APPROVAL_DATE` datetime DEFAULT NULL COMMENT '회원 구분 승인 일시',
  `MEMBER_TYPE_APPROVAL_ID` varchar(10) DEFAULT NULL COMMENT '회원 구분 승인자 아이디',
  `SEC_TEMPORARY_KEY` varchar(24) DEFAULT NULL COMMENT '주민등록번호 대체 임시키',
  `VALIDATE_FLAG` varchar(1) NOT NULL DEFAULT 'N' COMMENT '실명 인증 여부',
  `VALIDATE_DATE` datetime DEFAULT NULL COMMENT '실명 인증 일시',
  `ENTRY_STATUS_CODE` varchar(1) NOT NULL DEFAULT 'T' COMMENT '회원 상태 코드',
  `ENTRY_ORGAN_CODE` varchar(2) DEFAULT NULL COMMENT '회원가입 조직 코드',
  `PASSWORD_REISSUE_Q` varchar(10) DEFAULT NULL COMMENT '비밀번호 재발급 질문',
  `PASSWORD_REISSUE_A` varchar(40) DEFAULT NULL COMMENT '비밀번호 재발급 답',
  `ENTRY_DATE` datetime DEFAULT NULL COMMENT '회원가입 일자',
  `LAST_LOGIN_DATE` datetime DEFAULT NULL COMMENT '최종 접속 일시',
  `SOURCE_TABLE` varchar(20) DEFAULT NULL COMMENT '원천 데이터 테이블명',
  `INPUT_ID` varchar(20) DEFAULT NULL COMMENT '등록자 아이디',
  `INPUT_DATE` datetime DEFAULT NULL COMMENT '등록 일자',
  `UPDATE_ID` varchar(20) DEFAULT NULL COMMENT '수정자 아이디',
  `UPDATE_DATE` datetime DEFAULT NULL COMMENT '수정 일자',
  `SEC_RESIDENT_NO1` varchar(280) DEFAULT NULL COMMENT '암호 주민번호1',
  `SEC_RESIDENT_NO2` varchar(280) DEFAULT NULL COMMENT '암호 주민번호2',
  `SEC_RESIDENT_NO` varchar(280) DEFAULT NULL COMMENT '암호 주민번호',
  `VNUMBER` varchar(13) DEFAULT NULL COMMENT '아이핀 번호',
  `DUPINFO` varchar(64) DEFAULT NULL COMMENT '중복 가입 정보(DI)',
  `ESCAPE_DATE` datetime DEFAULT NULL COMMENT '탈퇴 일자',
  `SEC_EXCHANGE_KEY` varchar(280) DEFAULT NULL COMMENT '암호 대체키',
  `ESCAPE_CAUSE` varchar(100) DEFAULT NULL COMMENT '강제 탈퇴 사유',
  `PHARMAI_GROUP_YN` varchar(1) DEFAULT 'N' COMMENT 'PHARMAI 그룹 여부',
  `COINFO` varchar(88) DEFAULT NULL COMMENT '회원본인인증고유번호(CI)',
  `PASS_CH_DATE` datetime DEFAULT NULL COMMENT '비밀번호 변경 일자',
  `PW_CHG_FLG` varchar(1) DEFAULT 'Y' COMMENT '입시비밀번호 여부',
  `ADMIN_YN` varchar(1) DEFAULT NULL COMMENT 'PHARMAI 관리자 여부',
  `LOGIN_FAIL_CNT` int(11) DEFAULT 0 COMMENT '로그인 실채 횟수',
  `CHARGE_ORGAN_CODE` varchar(2) DEFAULT NULL COMMENT '담당 기관 코드',
  PRIMARY KEY (`ID`)
) ENGINE=InnoDB DEFAULT CHARSET=utf8 COMMENT='통합회원';
/*!40101 SET character_set_client = @saved_cs_client */;

--
-- Dumping data for table `tb_m_unity_damo`
--

LOCK TABLES `tb_m_unity_damo` WRITE;
/*!40000 ALTER TABLE `tb_m_unity_damo` DISABLE KEYS */;
/*!40000 ALTER TABLE `tb_m_unity_damo` ENABLE KEYS */;
UNLOCK TABLES;

--
-- Table structure for table `tb_mber`
--

DROP TABLE IF EXISTS `tb_mber`;
/*!40101 SET @saved_cs_client     = @@character_set_client */;
/*!40101 SET character_set_client = utf8 */;
CREATE TABLE `tb_mber` (
  `USER_NO` varchar(10) NOT NULL COMMENT '사용자 번호',
  `ID` varchar(100) DEFAULT NULL COMMENT '아이디',
  `PASSWORD` varchar(100) DEFAULT NULL COMMENT '비밀번호',
  `NM` varchar(100) DEFAULT NULL COMMENT '이름',
  `IHIDNUM` varchar(100) DEFAULT NULL COMMENT '주민등록번호',
  `MOBLPHON_NO` varchar(100) DEFAULT NULL COMMENT '핸드폰 번호',
  `USER_STTUS_CODE` varchar(10) DEFAULT NULL COMMENT '사용자 상태 코드',
  `REGISTER_NO` varchar(10) DEFAULT NULL COMMENT '등록자 번호',
  `REGIST_DT` datetime DEFAULT NULL COMMENT '등록 일시',
  `UPDUSR_NO` varchar(10) DEFAULT NULL COMMENT '수정자 번호',
  `UPDT_DT` datetime DEFAULT NULL COMMENT '수정 일시'
) ENGINE=InnoDB DEFAULT CHARSET=utf8 COMMENT='사용자';
/*!40101 SET character_set_client = @saved_cs_client */;

--
-- Dumping data for table `tb_mber`
--

LOCK TABLES `tb_mber` WRITE;
/*!40000 ALTER TABLE `tb_mber` DISABLE KEYS */;
/*!40000 ALTER TABLE `tb_mber` ENABLE KEYS */;
UNLOCK TABLES;

--
-- Table structure for table `tb_menu`
--

DROP TABLE IF EXISTS `tb_menu`;
/*!40101 SET @saved_cs_client     = @@character_set_client */;
/*!40101 SET character_set_client = utf8 */;
CREATE TABLE `tb_menu` (
  `MENU_PK` varchar(8) NOT NULL COMMENT '메뉴 기본키',
  `MENU_ID` varchar(24) NOT NULL COMMENT '메뉴 아이디',
  `MENU_TY_CODE` varchar(10) DEFAULT NULL COMMENT '메뉴 타입 코드',
  `MENU_LEVEL` int(11) DEFAULT NULL COMMENT '메뉴 레벨',
  `MENU_NM` varchar(200) DEFAULT NULL COMMENT '메뉴 명',
  `FNCT_NM` varchar(200) DEFAULT NULL COMMENT '기능 명',
  `ICON_NM` varchar(200) DEFAULT NULL COMMENT 'ICON 명',
  `MENU_SE_CODE` varchar(10) DEFAULT NULL COMMENT '메뉴 구분 코드',
  `BBS_CODE` varchar(5) DEFAULT NULL COMMENT '게시판 코드',
  `CNTNTS_ID` varchar(8) DEFAULT NULL COMMENT '컨텐츠 아이디',
  `USE_YN` varchar(1) DEFAULT NULL COMMENT '사용 가부',
  `DISP_YN` varchar(1) DEFAULT NULL COMMENT '전시 가부',
  `URL` varchar(1000) DEFAULT NULL COMMENT 'URL',
  `URL_TY_CODE` varchar(4) DEFAULT NULL COMMENT 'URL 유형 코드',
  `RM` varchar(1000) DEFAULT NULL COMMENT '비고',
  `SORT_ORDR` int(11) DEFAULT NULL COMMENT '정렬 순서',
  `SORT_ORDR_1` int(11) DEFAULT NULL COMMENT '정렬 순서 1',
  `SORT_ORDR_2` int(11) DEFAULT NULL COMMENT '정렬 순서 2',
  `SORT_ORDR_3` int(11) DEFAULT NULL COMMENT '정렬 순서 3',
  `SORT_ORDR_4` int(11) DEFAULT NULL COMMENT '정렬 순서 4',
  `SORT_ORDR_5` int(11) DEFAULT NULL COMMENT '정렬 순서 5',
  `SORT_ORDR_6` int(11) DEFAULT NULL COMMENT '정렬 순서 6',
  `REGISTER_NO` varchar(10) DEFAULT NULL COMMENT '등록자 번호',
  `REGIST_DT` datetime DEFAULT NULL COMMENT '등록 일시',
  `UPDUSR_NO` varchar(10) DEFAULT NULL COMMENT '수정자 번호',
  `UPDT_DT` datetime DEFAULT NULL COMMENT '수정 일시',
  PRIMARY KEY (`MENU_PK`)
) ENGINE=InnoDB DEFAULT CHARSET=utf8 COMMENT='메뉴';
/*!40101 SET character_set_client = @saved_cs_client */;

--
-- Dumping data for table `tb_menu`
--

LOCK TABLES `tb_menu` WRITE;
/*!40000 ALTER TABLE `tb_menu` DISABLE KEYS */;
INSERT INTO `tb_menu` VALUES ('M0000010','1000','10',1,'ROOT','',NULL,'30',NULL,NULL,'Y','Y','',NULL,'',1,1,0,0,0,0,0,'1','2020-04-07 10:48:18',NULL,NULL),('M0000020','10001000','10',2,'CMS','',NULL,'30',NULL,NULL,'Y','Y','/',NULL,'',10,1,10,0,0,0,0,'1','2020-04-07 10:49:23',NULL,NULL),('M0000030','100010001000','10',3,'운영관리','',NULL,'30',NULL,NULL,'Y','Y','/admin/user/selectPageListUserMgt.do',NULL,'',10,1,10,10,0,0,0,'1','2020-04-07 10:48:18',NULL,'2020-06-09 17:11:04'),('M0000040','1000100010001000','20',4,'메뉴관리','','menu-outline','30',NULL,NULL,'Y','Y','/admin/menu/selectListMenuMgt.do',NULL,'',10,1,10,10,10,0,0,'1','2020-04-07 10:48:18',NULL,'2020-06-23 09:46:07'),('M0000050','10001000100010001000','40',5,'메뉴관리','상세조회',NULL,'30',NULL,NULL,'Y','Y','/admin/menu/selectMenuMgtAjax.do',NULL,NULL,10,1,10,10,10,10,0,'1','2020-04-07 10:48:18',NULL,'2020-06-23 09:46:07'),('M0000060','10001000100010001100','40',5,'메뉴관리','중복체크',NULL,'30',NULL,NULL,'Y','Y','/admin/menu/selectExistYnMenuMgtAjax.do',NULL,NULL,20,1,10,10,10,20,0,'1','2020-04-07 10:48:18',NULL,'2020-06-23 09:46:07'),('M0000070','10001000100010001200','40',5,'메뉴관리','등록',NULL,'30',NULL,NULL,'Y','Y','/admin/menu/insertMenuMgt.do',NULL,NULL,30,1,10,10,10,30,0,'1','2020-04-07 10:48:18',NULL,'2020-06-23 09:46:07'),('M0000080','10001000100010001300','40',5,'메뉴관리','수정',NULL,'30',NULL,NULL,'Y','Y','/admin/menu/updateMenuMgt.do',NULL,NULL,40,1,10,10,10,40,0,'1','2020-04-07 10:48:18',NULL,'2020-06-23 09:46:07'),('M0000090','10001000100010001400','40',5,'메뉴관리','삭제',NULL,'30',NULL,NULL,'Y','Y','/admin/menu/deleteMenuMgt.do',NULL,NULL,50,1,10,10,10,50,0,'1','2020-04-07 10:48:18',NULL,'2020-06-23 09:46:07'),('M0000100','10001000100010001500','40',5,'메뉴관리','정렬중복체크',NULL,'30',NULL,NULL,'Y','Y','/admin/menu/selectExistSortMenuMgtAjax.do',NULL,NULL,60,1,10,10,10,60,0,'1','2020-04-07 10:48:18',NULL,'2020-06-23 09:46:07'),('M0000110','10001000100010001600','40',5,'메뉴관리','게시판 코드 조회',NULL,'30',NULL,NULL,'Y','N','/admin/menu/selectListBbsCodeAjax.do',NULL,NULL,70,1,10,10,10,70,0,'1','2020-04-07 10:48:18',NULL,'2020-06-23 09:46:07'),('M0000120','10001000100010001700','30',5,'메뉴관리','컨텐츠 목록 조회',NULL,'30',NULL,NULL,'Y','N','/admin/menu/selectPageListCntnts.do',NULL,NULL,80,1,10,10,10,80,0,'1','2020-04-07 10:48:18',NULL,'2020-06-23 09:46:07'),('M0000130','10001000100010001800','40',5,'메뉴관리','컨텐츠 조회',NULL,'30',NULL,NULL,'Y','Y','/admin/menu/selectCntnts.do',NULL,NULL,90,1,10,10,10,90,0,'1','2020-04-07 10:48:18',NULL,'2020-06-23 09:46:07'),('M0000140','10001000100010001900','40',5,'메뉴관리','메뉴조회',NULL,'30',NULL,NULL,'Y','N','/admin/menu/selectListMenuComboAjax.do',NULL,'',100,1,10,10,10,100,0,'1','2020-04-17 13:44:25',NULL,'2020-06-23 09:46:07'),('M0000160','10001000100010002000','40',5,'메뉴관리','메뉴이동',NULL,'30',NULL,NULL,'Y','N','/admin/menu/updateMenuMove.do',NULL,'',110,1,10,10,10,110,0,'1','2020-04-17 18:27:12',NULL,'2020-06-23 09:46:07'),('M0000170','1000100010001100','20',4,'권한관리','','document-text-outline','30',NULL,NULL,'Y','Y','/admin/author/selectPageListAuthorMgt.do',NULL,'',20,1,10,10,20,0,0,'1','2020-04-07 10:48:18',NULL,'2020-06-23 09:48:52'),('M0000180','10001000100011001000','30',5,'권한관리','등록폼',NULL,'30',NULL,NULL,'Y','Y','/admin/author/insertFormAuthorMgt.do',NULL,NULL,10,1,10,10,20,10,0,'1','2020-04-07 10:48:18',NULL,'2020-06-23 09:48:52'),('M0000190','10001000100011001100','40',5,'권한관리','등록',NULL,'30',NULL,NULL,'Y','Y','/admin/author/insertAuthorMgt.do',NULL,NULL,20,1,10,10,20,20,0,'1','2020-04-07 10:48:18',NULL,'2020-06-23 09:48:52'),('M0000200','10001000100011001200','30',5,'권한관리','수정폼',NULL,'30',NULL,NULL,'Y','Y','/admin/author/updateFormAuthorMgt.do',NULL,NULL,30,1,10,10,20,30,0,'1','2020-04-07 10:48:18',NULL,'2020-06-23 09:48:52'),('M0000210','10001000100011001300','40',5,'권한관리','수정',NULL,'30',NULL,NULL,'Y','Y','/admin/author/updateAuthorMgt.do',NULL,NULL,40,1,10,10,20,40,0,'1','2020-04-07 10:48:18',NULL,'2020-06-23 09:48:52'),('M0000220','10001000100011001400','40',5,'권한관리','삭제',NULL,'30',NULL,NULL,'Y','Y','/admin/author/deleteAuthorMgt.do',NULL,NULL,50,1,10,10,20,50,0,'1','2020-04-07 10:48:18',NULL,'2020-06-23 09:48:52'),('M0000230','10001000100011001500','40',5,'권한관리','중복체크',NULL,'30',NULL,NULL,'Y','Y','/admin/author/selectExistYnAuthorMgtAjax.do',NULL,NULL,60,1,10,10,20,60,0,'1','2020-04-07 10:48:18',NULL,'2020-06-23 09:48:52'),('M0000240','10001000100011001600','40',5,'권한관리','상세검색 Ajax',NULL,'30',NULL,NULL,'Y','Y','/admin/author/updateFormAuthorMgtAjax.do',NULL,'',70,1,10,10,20,70,0,'1','2020-06-24 11:26:42',NULL,'2020-06-24 11:28:34'),('M0000250','1000100010001200','20',4,'권한별 메뉴관리','','documents-outline','30',NULL,NULL,'Y','Y','/admin/authmenu/selectPageListAuthMenuMgt.do',NULL,'',30,1,10,10,30,0,0,'1','2020-04-07 10:48:18',NULL,'2020-06-23 09:49:08'),('M0000260','10001000100012001000','30',5,'권한별 메뉴관리','상세',NULL,'30',NULL,NULL,'Y','Y','/admin/authmenu/selectListAuthMenuMgt.do',NULL,NULL,10,1,10,10,30,10,0,'1','2020-04-07 10:48:18',NULL,'2020-06-23 09:49:08'),('M0000270','10001000100012001100','40',5,'권한별 메뉴관리','등록',NULL,'30',NULL,NULL,'Y','Y','/admin/authmenu/insertAuthMenuMgt.do',NULL,NULL,30,1,10,10,30,30,0,'1','2020-04-07 10:48:18',NULL,'2020-06-23 09:49:08'),('M0000280','1000100010001300','20',4,'코드관리','','code-outline','30',NULL,NULL,'Y','Y','/admin/code/selectPageListGroupCodeMgt.do',NULL,'',40,1,10,10,40,0,0,'1','2020-04-07 10:48:18',NULL,'2020-06-23 09:50:45'),('M0000290','10001000100013001000','30',5,'코드관리','상세',NULL,'30',NULL,NULL,'Y','Y','/admin/code/selectListCodeMgt.do',NULL,NULL,10,1,10,10,40,10,0,'1','2020-04-07 10:48:18',NULL,'2020-06-23 09:50:45'),('M0000300','10001000100013001100','40',5,'코드관리','등록',NULL,'30',NULL,NULL,'Y','Y','/admin/code/insertGroupCodeMgt.do',NULL,NULL,20,1,10,10,40,20,0,'1','2020-04-07 10:48:18',NULL,'2020-06-23 09:50:45'),('M0000310','10001000100013001200','40',5,'코드관리','삭제',NULL,'30',NULL,NULL,'Y','Y','/admin/code/deleteGroupCodeMgt.do',NULL,NULL,40,1,10,10,40,30,0,'1','2020-04-07 10:48:18',NULL,'2020-06-23 09:50:45'),('M0000320','10001000100013001300','30',5,'코드관리','등록폼',NULL,'30',NULL,NULL,'Y','Y','/admin/code/insertFormGroupCodeMgt.do',NULL,NULL,50,1,10,10,40,40,0,'1','2020-04-07 10:48:18',NULL,'2020-06-23 09:50:45'),('M0000330','10001000100013001400','40',5,'코드관리','수정',NULL,'30',NULL,NULL,'Y','Y','/admin/code/updateCodeMgt.do',NULL,NULL,60,1,10,10,40,50,0,'1','2020-04-07 10:48:18',NULL,'2020-06-23 09:50:45'),('M0000340','10001000100013001500','40',5,'그룹코드','그룹ID 중복체크',NULL,'30',NULL,NULL,'Y','Y','/admin/code/selectExistYnGroupIdAjax.do',NULL,NULL,70,1,10,10,40,60,0,'1','2020-04-07 10:48:18',NULL,'2020-06-23 09:50:45'),('M0000350','10001000100013001600','40',5,'코드관리','refresh 캐쉬',NULL,'30',NULL,NULL,'Y','N','/admin/code/refreshCacheCode.do',NULL,'',80,1,10,10,40,80,0,'1','2020-04-28 13:16:44',NULL,'2020-06-23 09:50:45'),('M0000360','1000100010001400','20',4,'사용자관리','','people-outline','30',NULL,NULL,'Y','Y','/admin/user/selectPageListUserMgt.do',NULL,'',50,1,10,10,50,0,0,'1','2020-04-07 10:48:18',NULL,'2020-06-23 09:51:24'),('M0000370','10001000100014001000','30',5,'사용자관리','상세',NULL,'30',NULL,NULL,'Y','Y','/admin/user/selectUserMgt.do',NULL,NULL,10,1,10,10,50,10,0,'1','2020-04-07 10:48:18',NULL,'2020-06-23 09:51:24'),('M0000380','10001000100014001100','30',5,'사용자관리','등록폼',NULL,'30',NULL,NULL,'Y','Y','/admin/user/insertFormUserMgt.do',NULL,NULL,20,1,10,10,50,20,0,'1','2020-04-07 10:48:18',NULL,'2020-06-23 09:51:24'),('M0000390','10001000100014001200','30',5,'사용자관리','수정폼',NULL,'30',NULL,NULL,'Y','Y','/admin/user/updateFormUserMgt.do',NULL,NULL,30,1,10,10,50,30,0,'1','2020-04-07 10:48:18',NULL,'2020-06-23 09:51:24'),('M0000400','10001000100014001300','40',5,'사용자관리','등록',NULL,'30',NULL,NULL,'Y','Y','/admin/user/insertUserMgt.do',NULL,NULL,40,1,10,10,50,40,0,'1','2020-04-07 10:48:18',NULL,'2020-06-23 09:51:24'),('M0000410','10001000100014001400','40',5,'사용자관리','수정',NULL,'30',NULL,NULL,'Y','Y','/admin/user/updateUserMgt.do',NULL,NULL,50,1,10,10,50,50,0,'1','2020-04-07 10:48:18',NULL,'2020-06-23 09:51:24'),('M0000420','10001000100014001500','40',5,'사용자관리','삭제',NULL,'30',NULL,NULL,'Y','Y','/admin/user/deleteUserMgt.do',NULL,NULL,80,1,10,10,50,60,0,'1','2020-04-07 10:48:18',NULL,'2020-06-23 09:51:24'),('M0000430','10001000100014001600','40',5,'사용자관리','아이디중복검사',NULL,'30',NULL,NULL,'Y','Y','/admin/user/selectIdExistYnAjax.do',NULL,NULL,90,1,10,10,50,70,0,'1','2020-04-07 10:48:18',NULL,'2020-06-23 09:51:24'),('M0000440','10001000100014001700','40',5,'사용자관리','비밀번호초기화',NULL,'30',NULL,NULL,'Y','N','/admin/user/initlUserPasswordAjax.do',NULL,'',100,1,10,10,50,100,0,'1','2020-05-07 14:52:07',NULL,'2020-06-23 09:51:24'),('M0000450','1000100010001500','20',4,'로그 보관 기간 관리','','calendar-outline','30',NULL,NULL,'Y','Y','/admin/logstrepd/selectPageLogStreMgt.do',NULL,'',60,1,10,10,60,0,0,'1','2020-05-07 10:58:52',NULL,'2020-06-23 09:52:38'),('M0000460','10001000100015001000','40',5,'로그 보관 기간','수정',NULL,'30',NULL,NULL,'Y','Y','/admin/logstrepd/updateLogStreMgt.do',NULL,'',10,1,10,10,60,10,0,'1','2020-05-07 10:59:51',NULL,'2020-06-23 09:52:38'),('M0000470','1000100010001600','10',4,'통계','','pie-chart-outline','30',NULL,NULL,'Y','Y','/admin/stats/selectPageListAdminEventLog.do',NULL,'',70,1,10,10,70,0,0,'1','2020-04-29 16:16:22',NULL,'2020-06-23 09:53:07'),('M0000480','10001000100016001000','30',5,'관리자 이벤트 로그','',NULL,'30',NULL,NULL,'Y','Y','/admin/stats/selectPageListAdminEventLog.do',NULL,'',10,1,10,10,70,10,0,'1','2020-04-29 16:17:06',NULL,'2020-06-23 09:53:07'),('M0000490','10001000100016001100','30',5,'에러 이벤트 로그','',NULL,'30',NULL,NULL,'Y','Y','/admin/stats/selectPageListErrorEventLog.do',NULL,'',20,1,10,10,70,20,0,'1','2020-04-29 16:17:27',NULL,'2020-06-23 09:53:07'),('M0000500','1000100010001700','20',4,'접근관리','','lock-closed-outline','30',NULL,NULL,'Y','Y','/admin/access/selectPageListAccessMgt.do',NULL,'',80,1,10,10,80,0,0,'26','2020-06-12 17:15:47',NULL,'2020-06-23 09:55:33'),('M0000830','10001000100017001000','30',5,'접근관리','상세',NULL,'30',NULL,NULL,'Y','Y','/admin/access/selectAccessMgt.do',NULL,'',10,1,10,10,80,10,0,'26','2020-06-12 17:21:27',NULL,'2020-06-23 09:55:33'),('M0000840','10001000100017001100','30',5,'접근관리','등록폼',NULL,'30',NULL,NULL,'Y','Y','/admin/access/insertFormAccessMgt.do',NULL,'',20,1,10,10,80,20,0,'26','2020-06-12 17:21:27',NULL,'2020-06-23 09:55:33'),('M0000850','10001000100017001200','40',5,'접근관리','등록',NULL,'30',NULL,NULL,'Y','N','/admin/access/insertAccessMgt.do',NULL,'',30,1,10,10,80,30,0,'26','2020-06-12 17:21:27',NULL,'2020-06-23 09:55:33'),('M0000860','10001000100017001300','30',5,'접근관리','수정폼',NULL,'30',NULL,NULL,'Y','Y','/admin/access/updateFormAccessMgt.do',NULL,'',40,1,10,10,80,40,0,'26','2020-06-12 17:21:27',NULL,'2020-06-23 09:55:33'),('M0000870','10001000100017001400','40',5,'접근관리','수정',NULL,'30',NULL,NULL,'Y','N','/admin/access/updateAccessMgt.do',NULL,'',50,1,10,10,80,50,0,'26','2020-06-12 17:21:27',NULL,'2020-06-23 09:55:33'),('M0000880','10001000100017001500','40',5,'접근관리','삭제',NULL,'30',NULL,NULL,'Y','N','/admin/access/deleteAccessMgt.do',NULL,'',60,1,10,10,80,60,0,'26','2020-06-12 17:21:27',NULL,'2020-06-23 09:55:33'),('M0000890','100010001100','10',3,'홈페이지 관리','',NULL,'30',NULL,NULL,'Y','Y','/admin/bbsmng/selectPageListBbsMng.do',NULL,'',20,1,10,20,0,0,0,'1','2020-04-07 10:48:18',NULL,'2020-06-16 10:15:40'),('M0000900','1000100011001000','20',4,'게시판 관리','','file-tray-outline','30',NULL,NULL,'Y','Y','/admin/bbsmng/selectPageListBbsMng.do',NULL,'',10,1,10,20,10,0,0,'1','2020-04-09 18:53:25',NULL,'2020-06-23 10:09:52'),('M0000910','10001000110010001000','30',5,'게시판 관리','상세',NULL,'30',NULL,NULL,'Y','Y','/admin/bbsmng/selectBbsMng.do',NULL,'',10,1,10,20,10,10,0,'1','2020-04-09 18:53:25',NULL,'2020-06-23 10:09:52'),('M0000920','10001000110010001100','40',5,'게시판 관리','삭제',NULL,'30',NULL,NULL,'Y','Y','/admin/bbsmng/deleteBbsMng.do',NULL,'',20,1,10,20,10,20,0,'1','2020-04-09 18:53:25',NULL,'2020-06-23 10:09:52'),('M0000930','10001000110010001200','30',5,'게시판 관리','입력폼',NULL,'30',NULL,NULL,'Y','Y','/admin/bbsmng/insertFormBbsMng.do',NULL,'',30,1,10,20,10,30,0,'1','2020-04-09 18:53:25',NULL,'2020-06-23 10:09:52'),('M0000940','10001000110010001300','40',5,'게시판 관리','입력',NULL,'30',NULL,NULL,'Y','Y','/admin/bbsmng/insertBbsMng.do',NULL,'',40,1,10,20,10,40,0,'1','2020-04-09 18:53:25',NULL,'2020-06-23 10:09:52'),('M0000950','10001000110010001400','30',5,'게시판 관리','수정폼',NULL,'30',NULL,NULL,'Y','Y','/admin/bbsmng/updateFormBbsMng.do',NULL,'',50,1,10,20,10,50,0,'1','2020-04-09 18:53:25',NULL,'2020-06-23 10:09:52'),('M0000960','10001000110010001500','40',5,'게시판 관리','수정',NULL,'30',NULL,NULL,'Y','Y','/admin/bbsmng/updateBbsMng.do',NULL,'',60,1,10,20,10,60,0,'1','2020-04-09 18:53:25',NULL,'2020-06-23 10:09:52'),('M0000970','10001000110010001600','40',5,'게시판 관리','게시판코드 중복 체크',NULL,'30',NULL,NULL,'Y','Y','/admin/bbsmng/selectExistYnBbsCodeAjax.do',NULL,'',70,1,10,20,10,70,0,'1','2020-04-09 18:53:25',NULL,'2020-06-23 10:09:52'),('M0000980','10001000110010001700','40',5,'게시판 관리','게시판명 조회',NULL,'30',NULL,NULL,'Y','Y','/admin/bbsmng/selectListBbsNmAjax.do',NULL,'',80,1,10,20,10,80,0,'1','2020-04-09 18:53:25',NULL,'2020-06-23 10:09:52'),('M0000990','10001000110010001800','40',5,'게시판 관리','게시판코드 SEQ조회',NULL,'30',NULL,NULL,'Y','Y','/admin/bbsmng/selectBbsCodeSeqAjax.do',NULL,'',90,1,10,20,10,90,0,'1','2020-04-09 18:53:25',NULL,'2020-06-23 10:09:52'),('M0001010','1000100011001100','20',4,'게시물 관리 ','','file-tray-full-outline','30',NULL,NULL,'Y','Y','/admin/bbs/selectPageListBbsMgt.do',NULL,'',20,1,10,20,20,0,0,'1','2020-04-09 18:53:26',NULL,'2020-06-23 10:29:41'),('M0001020','10001000110011001000','30',5,'게시물 관리','상세',NULL,'30',NULL,NULL,'Y','Y','/admin/bbs/selectBbsMgt.do',NULL,'',10,1,10,20,20,10,0,'1','2020-04-09 18:53:26',NULL,'2020-06-23 10:29:41'),('M0001030','10001000110011001100','40',5,'게시물 관리','답변수정',NULL,'30',NULL,NULL,'Y','Y','/admin/bbs/updateBbsAnswer.do',NULL,'',100,1,10,20,20,100,0,'1','2020-04-09 18:53:26',NULL,'2020-06-23 10:29:41'),('M0001040','10001000110011001200','40',5,'게시물 관리','답변삭제',NULL,'30',NULL,NULL,'Y','Y','/admin/bbs/deleteBbsAnswer.do',NULL,'',110,1,10,20,20,110,0,'1','2020-04-09 18:53:26',NULL,'2020-06-23 10:29:41'),('M0001050','10001000110011001300','40',5,'게시물 관리','게시물 이동 팝업',NULL,'30',NULL,NULL,'Y','Y','/admin/bbs/selectListSysBbs.do',NULL,'',120,1,10,20,20,120,0,'1','2020-04-09 18:53:26',NULL,'2020-06-23 10:29:41'),('M0001060','10001000110011001400','40',5,'게시물 관리','게시물 이동',NULL,'30',NULL,NULL,'Y','Y','/admin/bbs/changeSysBbs.do',NULL,'',130,1,10,20,20,130,0,'1','2020-04-09 18:53:26',NULL,'2020-06-23 10:29:41'),('M0001070','10001000110011001500','30',5,'게시물 관리','답변 수정폼',NULL,'30',NULL,NULL,'Y','Y','/admin/bbs/updateBbsAnswerForm.do',NULL,'',140,1,10,20,20,140,0,'1','2020-04-09 18:53:26',NULL,'2020-06-23 10:29:41'),('M0001080','10001000110011001600','30',5,'게시물 관리','입력폼',NULL,'30',NULL,NULL,'Y','Y','/admin/bbs/insertFormBbsMgt.do',NULL,'',20,1,10,20,20,20,0,'1','2020-04-09 18:53:26',NULL,'2020-06-23 10:29:41'),('M0001090','10001000110011001700','40',5,'게시물 관리','입력',NULL,'30',NULL,NULL,'Y','Y','/admin/bbs/insertBbsMgt.do',NULL,'',30,1,10,20,20,30,0,'1','2020-04-09 18:53:26',NULL,'2020-06-23 10:29:41'),('M0001100','10001000110011001800','30',5,'게시물 관리','수정폼',NULL,'30',NULL,NULL,'Y','Y','/admin/bbs/updateFormBbsMgt.do',NULL,'',40,1,10,20,20,40,0,'1','2020-04-09 18:53:26',NULL,'2020-06-23 10:29:41'),('M0001110','10001000110011001900','40',5,'게시물 관리','수정',NULL,'30',NULL,NULL,'Y','Y','/admin/bbs/updateBbsMgt.do',NULL,'',50,1,10,20,20,50,0,'1','2020-04-09 18:53:26',NULL,'2020-06-23 10:29:41'),('M0001120','10001000110011002000','40',5,'게시물 관리','삭제',NULL,'30',NULL,NULL,'Y','Y','/admin/bbs/deleteBbsMgt.do',NULL,'',60,1,10,20,20,60,0,'1','2020-04-09 18:53:26',NULL,'2020-06-23 10:29:41'),('M0001130','10001000110011002100','40',5,'게시물 관리','게시판코드조회',NULL,'30',NULL,NULL,'Y','Y','/admin/bbs/selectListBbsCodeAjax.do',NULL,'',70,1,10,20,20,70,0,'1','2020-04-09 18:53:26',NULL,'2020-06-23 10:29:41'),('M0001140','10001000110011002200','40',5,'게시물 관리','게시판정보조회',NULL,'30',NULL,NULL,'Y','Y','/admin/bbs/selectBbsMngInfoAjax.do',NULL,'',80,1,10,20,20,80,0,'1','2020-04-09 18:53:26',NULL,'2020-06-23 10:29:41'),('M0001150','10001000110011002300','40',5,'게시물 관리','답변등록',NULL,'30',NULL,NULL,'Y','Y','/admin/bbs/insertBbsAnswer.do',NULL,'',90,1,10,20,20,90,0,'1','2020-04-09 18:53:26',NULL,'2020-06-23 10:29:41'),('M0001160','1000100011001200','20',4,'콘텐츠관리','','film-outline','30',NULL,NULL,'Y','Y','/admin/cnts/selectPageListCntsMgt.do',NULL,'',30,1,10,20,30,0,0,'1','2020-04-09 18:53:25',NULL,'2020-06-23 10:11:25'),('M0001170','10001000110012001000','30',5,'콘텐츠관리','상세',NULL,'30',NULL,NULL,'Y','Y','/admin/cnts/selectCntsMgt.do',NULL,'',10,1,10,20,30,10,0,'1','2020-04-09 18:53:25',NULL,'2020-06-23 10:11:25'),('M0001180','10001000110012001100','40',5,'콘텐츠관리','삭제',NULL,'30',NULL,NULL,'Y','Y','/admin/cnts/deleteCntsMgt.do',NULL,'',20,1,10,20,30,20,0,'1','2020-04-09 18:53:25',NULL,'2020-06-23 10:11:25'),('M0001190','10001000110012001200','30',5,'콘텐츠관리','입력폼',NULL,'30',NULL,NULL,'Y','Y','/admin/cnts/insertFormCntsMgt.do',NULL,'',30,1,10,20,30,30,0,'1','2020-04-09 18:53:25',NULL,'2020-06-23 10:11:25'),('M0001200','10001000110012001300','40',5,'콘텐츠관리','입력',NULL,'30',NULL,NULL,'Y','Y','/admin/cnts/insertCntsMgt.do',NULL,'',40,1,10,20,30,40,0,'1','2020-04-09 18:53:25',NULL,'2020-06-23 10:11:25'),('M0001210','10001000110012001400','30',5,'콘텐츠관리','수정폼',NULL,'30',NULL,NULL,'Y','Y','/admin/cnts/updateFormCntsMgt.do',NULL,'',50,1,10,20,30,50,0,'1','2020-04-09 18:53:25',NULL,'2020-06-23 10:11:25'),('M0001220','10001000110012001500','40',5,'콘텐츠관리','수정',NULL,'30',NULL,NULL,'Y','Y','/admin/cnts/updateCntsMgt.do',NULL,'',60,1,10,20,30,60,0,'1','2020-04-09 18:53:25',NULL,'2020-06-23 10:11:25'),('M0001230','10001000110012001600','30',5,'콘텐츠관리','포토매니저',NULL,'30',NULL,NULL,'Y','Y','/admin/cnts/selectPageListPhotoMng.do',NULL,'',70,1,10,20,30,70,0,'1','2020-04-09 18:53:25',NULL,'2020-06-23 10:11:25'),('M0001240','10001000110012001700','40',5,'콘텐츠관리','콘텐츠아이디',NULL,'30',NULL,NULL,'Y','Y','/admin/cnts/selectCntntIdSeqAjax.do',NULL,'',80,1,10,20,30,80,0,'1','2020-04-09 18:53:25',NULL,'2020-06-23 10:11:25'),('M0001250','1000100011001200800','40',5,'콘텐츠관리','콘텐츠아이디 확인',NULL,'30',NULL,NULL,'Y','Y','/admin/cnts/cntntIdChkAjax.do',NULL,'',90,1,10,20,30,90,0,'1','2020-04-09 18:53:25',NULL,'2020-06-23 10:11:25'),('M0001260','1000100011001300','20',4,'팝업 관리','','browsers-outline','30',NULL,NULL,'Y','Y','/admin/popup/selectPageListPopupMgt.do',NULL,'',40,1,10,20,40,0,0,'1','2020-04-09 18:53:25',NULL,'2020-06-23 10:12:32'),('M0001270','10001000110013001000','30',5,'팝업 관리','상세',NULL,'30',NULL,NULL,'Y','Y','/admin/popup/selectPopupMgt.do',NULL,'',10,1,10,20,40,10,0,'1','2020-04-09 18:53:25',NULL,'2020-06-23 10:12:32'),('M0001280','10001000110013001100','40',5,'팝업 관리','삭제',NULL,'30',NULL,NULL,'Y','Y','/admin/popup/deletePopupMgt.do',NULL,'',20,1,10,20,40,20,0,'1','2020-04-09 18:53:25',NULL,'2020-06-23 10:12:32'),('M0001290','10001000110013001200','30',5,'팝업 관리','입력폼',NULL,'30',NULL,NULL,'Y','Y','/admin/popup/insertFormPopupMgt.do',NULL,'',30,1,10,20,40,30,0,'1','2020-04-09 18:53:25',NULL,'2020-06-23 10:12:32'),('M0001300','10001000110013001300','40',5,'팝업 관리','입력',NULL,'30',NULL,NULL,'Y','Y','/admin/popup/insertPopupMgt.do',NULL,'',40,1,10,20,40,40,0,'1','2020-04-09 18:53:25',NULL,'2020-06-23 10:12:32'),('M0001310','10001000110013001400','30',5,'팝업 관리','수정폼',NULL,'30',NULL,NULL,'Y','Y','/admin/popup/updateFormPopupMgt.do',NULL,'',50,1,10,20,40,50,0,'1','2020-04-09 18:53:25',NULL,'2020-06-23 10:12:32'),('M0001320','10001000110013001500','40',5,'팝업 관리','수정',NULL,'30',NULL,NULL,'Y','Y','/admin/popup/updatePopupMgt.do',NULL,'',60,1,10,20,40,60,0,'1','2020-04-09 18:53:25',NULL,'2020-06-23 10:12:32'),('M0001330','10001000110013001600','40',5,'팝업 관리','모바일판업전시여부',NULL,'30',NULL,NULL,'Y','N','/admin/popup/checkMobilePopupAjax.do',NULL,'',70,1,10,20,40,70,0,'8','2020-05-14 13:25:08',NULL,'2020-06-23 10:12:32'),('M0001340','1000100011001400','20',4,'배너관리','','reader-outline','30',NULL,NULL,'Y','Y','/admin/banners/selectPageListBannersMgt.do',NULL,'',50,1,10,20,50,0,0,'1','2020-04-09 18:53:25',NULL,'2020-06-23 10:14:05'),('M0001350','10001000110014001000','30',5,'배너관리','상세',NULL,'30',NULL,NULL,'Y','Y','/admin/banners/selectBannersMgt.do',NULL,'',10,1,10,20,50,10,0,'1','2020-04-09 18:53:25',NULL,'2020-06-23 10:14:05'),('M0001360','10001000110014001100','30',5,'배너관리','입력폼',NULL,'30',NULL,NULL,'Y','Y','/admin/banners/insertFormBannersMgt.do',NULL,'',20,1,10,20,50,20,0,'1','2020-04-09 18:53:25',NULL,'2020-06-23 10:14:05'),('M0001370','10001000110014001200','40',5,'배너관리','입력',NULL,'30',NULL,NULL,'Y','Y','/admin/banners/insertBannersMgt.do',NULL,'',30,1,10,20,50,30,0,'1','2020-04-09 18:53:25',NULL,'2020-06-23 10:14:05'),('M0001380','10001000110014001300','30',5,'배너관리','수정폼',NULL,'30',NULL,NULL,'Y','Y','/admin/banners/updateFormBannersMgt.do',NULL,'',40,1,10,20,50,40,0,'1','2020-04-09 18:53:25',NULL,'2020-06-23 10:14:05'),('M0001390','10001000110014001400','40',5,'배너관리','수정',NULL,'30',NULL,NULL,'Y','Y','/admin/banners/updateBannersMgt.do',NULL,'',50,1,10,20,50,50,0,'1','2020-04-09 18:53:25',NULL,'2020-06-23 10:14:05'),('M0001400','10001000110014001500','40',5,'배너관리','삭제',NULL,'30',NULL,NULL,'Y','Y','/admin/banners/deleteBannersMgt.do',NULL,'',60,1,10,20,50,60,0,'1','2020-04-09 18:53:25',NULL,'2020-06-23 10:14:05'),('M0001410','10001000110014001600','40',5,'배너관리','배너입력Ajax',NULL,'30',NULL,NULL,'Y','Y','/admin/banners/insertBannersImageAjax.do',NULL,'',70,1,10,20,50,70,0,'1','2020-04-09 18:53:25',NULL,'2020-06-23 10:14:05'),('M0001420','10001000110014001700','40',5,'배너관리','배너수정Ajax',NULL,'30',NULL,NULL,'Y','Y','/admin/banners/updateBannersImageAjax.do',NULL,'',80,1,10,20,50,80,0,'1','2020-04-09 18:53:25',NULL,'2020-06-23 10:14:05'),('M0001430','10001000110014001800','40',5,'배너관리','배너이미지 삭제 Ajax',NULL,'30',NULL,NULL,'Y','Y','/admin/banners/deleteBannersFileAjax.do',NULL,'',90,1,10,20,50,90,0,'1','2020-04-09 18:53:25',NULL,'2020-06-23 10:14:05'),('M0001440','1000100011001500','20',4,'사진 관리','','image-outline','30',NULL,NULL,'Y','Y','/admin/photo/selectPageListPhotoMgt.do',NULL,'',60,1,10,20,60,0,0,'1','2020-04-09 18:53:26',NULL,'2020-06-23 10:14:26'),('M0001450','10001000110015001000','30',5,'사진 관리','상세',NULL,'30',NULL,NULL,'Y','Y','/admin/photo/selectPhotoMgt.do',NULL,'',10,1,10,20,60,10,0,'1','2020-04-09 18:53:26',NULL,'2020-06-23 10:14:26'),('M0001460','10001000110015001100','40',5,'사진 관리','삭제',NULL,'30',NULL,NULL,'Y','Y','/admin/photo/deletePhotoMgt.do',NULL,'',20,1,10,20,60,20,0,'1','2020-04-09 18:53:26',NULL,'2020-06-23 10:14:26'),('M0001470','10001000110015001200','30',5,'사진 관리','등록폼',NULL,'30',NULL,NULL,'Y','Y','/admin/photo/insertFormPhotoMgt.do',NULL,'',30,1,10,20,60,30,0,'1','2020-04-09 18:53:26',NULL,'2020-06-23 10:14:26'),('M0001480','10001000110015001300','40',5,'사진 관리','등록',NULL,'30',NULL,NULL,'Y','Y','/admin/photo/insertPhotoMgt.do',NULL,'',40,1,10,20,60,40,0,'1','2020-04-09 18:53:26',NULL,'2020-06-23 10:14:26'),('M0001490','10001000110015001400','30',5,'사진 관리','수정폼',NULL,'30',NULL,NULL,'Y','Y','/admin/photo/updateFormPhotoMgt.do',NULL,'',50,1,10,20,60,50,0,'1','2020-04-09 18:53:26',NULL,'2020-06-23 10:14:26'),('M0001500','10001000110015001500','40',5,'사진 관리','수정',NULL,'30',NULL,NULL,'Y','Y','/admin/photo/updatePhotoMgt.do',NULL,'',60,1,10,20,60,60,0,'1','2020-04-09 18:53:26',NULL,'2020-06-23 10:14:26'),('M0001510','10001000110015001600','40',5,'사진 관리','등록용 임시 업로드',NULL,'30',NULL,NULL,'Y','Y','/admin/photo/insertPhotoImageAjax.do',NULL,'',70,1,10,20,60,70,0,'1','2020-04-09 18:53:26',NULL,'2020-06-23 10:14:26'),('M0001520','10001000110015001700','40',5,'사진 관리','수정용 임시 업로드',NULL,'30',NULL,NULL,'Y','Y','/admin/photo/updatePhotoImageAjax.do',NULL,'',80,1,10,20,60,80,0,'1','2020-04-09 18:53:26',NULL,'2020-06-23 10:14:26'),('M0001530','1000100011001600','20',4,'퀵메뉴 관리','','flash-outline','30',NULL,NULL,'Y','Y','/admin/quickMenu/selectPageListQuickMenuMgt.do',NULL,'',70,1,10,20,70,0,0,'1','2020-05-11 09:34:35',NULL,'2020-06-23 10:14:43'),('M0001540','10001000110016001000','30',5,'퀵메뉴 관리','상세',NULL,'30',NULL,NULL,'Y','Y','/admin/quickMenu/selectQuickMenuMgt.do',NULL,'',10,1,10,20,70,10,0,'1','2020-05-11 09:37:34',NULL,'2020-06-23 10:14:43'),('M0001550','10001000110016001100','30',5,'퀵메뉴 관리','입력폼',NULL,'30',NULL,NULL,'Y','Y','/admin/quickMenu/insertFormQuickMenuMgt.do',NULL,'',20,1,10,20,70,20,0,'1','2020-05-11 09:40:14',NULL,'2020-06-23 10:14:43'),('M0001560','10001000110016001200','40',5,'퀵메뉴 관리','퀵메뉴 입력ajax',NULL,'30',NULL,NULL,'Y','N','/admin/quickMenu/insertQuickMenuImageAjax.do',NULL,'',30,1,10,20,70,30,0,'1','2020-05-11 09:40:14',NULL,'2020-06-23 10:14:43'),('M0001570','10001000110016001300','30',5,'퀵메뉴 관리','수정폼',NULL,'30',NULL,NULL,'Y','Y','/admin/quickMenu/updateFormQuickMenuMgt.do',NULL,'',40,1,10,20,70,40,0,'1','2020-05-11 09:47:45',NULL,'2020-06-23 10:14:43'),('M0001580','10001000110016001400','40',5,'퀵메뉴 관리','퀵메뉴 수정 ajax',NULL,'30',NULL,NULL,'Y','N','/admin/quickMenu/updateQuickMenuImageAjax.do',NULL,'',50,1,10,20,70,50,0,'1','2020-05-11 09:47:45',NULL,'2020-06-23 10:14:43'),('M0001590','10001000110016001500','40',5,'퀵메뉴 관리','삭제',NULL,'30',NULL,NULL,'Y','N','/admin/quickMenu/deleteQuickMenuMgt.do',NULL,'',60,1,10,20,70,60,0,'1','2020-05-11 09:57:34',NULL,'2020-06-23 10:14:43'),('M0001600','10001000110016001600','40',5,'퀵메뉴 관리','퀵메뉴 이미지 삭제 ajax',NULL,'30',NULL,NULL,'Y','N','/admin/quickMenu/deleteQuickMenuFileAjax.do',NULL,'',70,1,10,20,70,70,0,'1','2020-05-11 10:42:35',NULL,'2020-06-23 10:14:43'),('M0001610','1000100011001700','20',4,'QR코드 관리','','qr-code-outline','30',NULL,NULL,'Y','Y','/admin/qr/selectPageListQrCodeMgt.do',NULL,'',80,1,10,20,80,0,0,'26','2020-06-12 18:47:07',NULL,'2020-06-29 10:04:04'),('M0001620','10001000110017001000','30',5,'QR코드 관리','상세',NULL,'30',NULL,NULL,'Y','N','/admin/qr/selectQrCodeMgt.do',NULL,'',10,1,10,20,80,10,0,'26','2020-06-12 18:51:02',NULL,'2020-06-29 10:04:04'),('M0001630','10001000110017001100','30',5,'QR코드 관리','입력폼',NULL,'30',NULL,NULL,'Y','N','/admin/qr/insertFormQrCodeMgt.do',NULL,'',20,1,10,20,80,20,0,'26','2020-06-12 18:51:02',NULL,'2020-06-29 10:04:04'),('M0001640','10001000110017001200','40',5,'QR코드 관리','입력',NULL,'30',NULL,NULL,'Y','N','/admin/qr/insertQrCodeMgt.do',NULL,'',30,1,10,20,80,30,0,'26','2020-06-12 18:51:02',NULL,'2020-06-29 10:04:04'),('M0001650','10001000110017001300','30',5,'QR코드 관리','수정폼',NULL,'30',NULL,NULL,'Y','N','/admin/qr/updateFormQrCodeMgt.do',NULL,'',40,1,10,20,80,40,0,'26','2020-06-12 18:51:02',NULL,'2020-06-29 10:04:04'),('M0001660','10001000110017001400','40',5,'QR코드 관리','수정',NULL,'30',NULL,NULL,'Y','N','/admin/qr/updateQrCodeMgt.do',NULL,'',50,1,10,20,80,50,0,'26','2020-06-12 18:51:02',NULL,'2020-06-29 10:04:04'),('M0001670','10001000110017001500','40',5,'QR코드 관리','삭제',NULL,'30',NULL,NULL,'Y','N','/admin/qr/deleteQrCodeMgt.do',NULL,'',60,1,10,20,80,60,0,'26','2020-06-12 18:51:02',NULL,'2020-06-29 10:04:04'),('M0001680','1000100011001800','20',4,'사용자관리','','people-outline','30',NULL,NULL,'Y','Y','/admin/mber/selectPageListMberMgt.do',NULL,'',90,1,10,20,90,0,0,'26','2020-06-12 17:38:10',NULL,'2020-06-29 10:04:10'),('M0001690','10001000110018001100','30',5,'사용자관리','상세',NULL,'30',NULL,NULL,'Y','Y','/admin/mber/selectMberMgt.do',NULL,'',20,1,10,20,90,20,0,'26','2020-06-12 17:41:38',NULL,'2020-06-29 10:04:10'),('M0001700','10001000110018001200','30',5,'사용자관리','등록폼',NULL,'30',NULL,NULL,'Y','N','/admin/mber/insertFormMberMgt.do',NULL,'',30,1,10,20,90,30,0,'26','2020-06-12 17:41:38',NULL,'2020-06-29 10:04:10'),('M0001710','10001000110018001300','30',5,'사용자관리','수정폼',NULL,'30',NULL,NULL,'Y','N','/admin/mber/updateFormMberMgt.do',NULL,'',40,1,10,20,90,40,0,'26','2020-06-12 17:41:38',NULL,'2020-06-29 10:04:10'),('M0001720','10001000110018001400','40',5,'사용자관리','등록',NULL,'30',NULL,NULL,'Y','N','/admin/mber/insertMberMgt.do',NULL,'',50,1,10,20,90,50,0,'26','2020-06-12 17:41:38',NULL,'2020-06-29 10:04:10'),('M0001730','10001000110018001500','40',5,'사용자관리','수정',NULL,'30',NULL,NULL,'Y','N','/admin/mber/updateMberMgt.do',NULL,'',60,1,10,20,90,60,0,'26','2020-06-12 17:41:38',NULL,'2020-06-29 10:04:10'),('M0001740','10001000110018001600','40',5,'사용자관리','삭제',NULL,'30',NULL,NULL,'Y','N','/admin/mber/deleteMberMgt.do',NULL,'',70,1,10,20,90,70,0,'26','2020-06-12 17:41:38',NULL,'2020-06-29 10:04:10'),('M0001750','10001000110018001700','40',5,'사용자관리','아이디중복검사',NULL,'30',NULL,NULL,'Y','N','/admin/mber/selectIdExistYnAjax.do',NULL,'',80,1,10,20,90,80,0,'26','2020-06-12 17:41:38',NULL,'2020-06-29 10:04:10'),('M0001760','10001000110018001800','30',5,'사용자관리','엑셀등록폼',NULL,'30',NULL,NULL,'Y','Y','/admin/mber/insertExcelFormMberMgt.do',NULL,'',90,1,10,20,90,90,0,'26','2020-06-12 17:41:38',NULL,'2020-06-29 10:04:10'),('M0001770','10001000110018001900','40',5,'사용자관리','엑셀데이터조회',NULL,'30',NULL,NULL,'Y','N','/admin/mber/selectExcelMberMgtAjax.do',NULL,'',100,1,10,20,90,100,0,'26','2020-06-12 17:41:38',NULL,'2020-06-29 10:04:10'),('M0001780','10001000110018002000','40',5,'사용자관리','엑셀등록',NULL,'30',NULL,NULL,'Y','N','/admin/mber/insertExcelMberMgt.do',NULL,'',110,1,10,20,90,110,0,'26','2020-06-12 17:41:38',NULL,'2020-06-29 10:04:10'),('M0001790','10001000110018002100','40',5,'사용자관리','리스트 삭제',NULL,'30',NULL,NULL,'Y','N','/admin/mber/deleteListMberMgt.do',NULL,'',120,1,10,20,90,120,0,'26','2020-06-12 17:41:38',NULL,'2020-06-29 10:04:10'),('M0001800','1000100011001900','10',4,'통계','','pie-chart-outline','30',NULL,NULL,'Y','Y','/admin/stats/selectListSatisfactionStatus.do',NULL,'',100,1,10,20,100,0,0,'1','2020-04-09 18:53:25',NULL,'2020-06-29 10:04:15'),('M0001810','10001000110019001000','20',5,'만족도 현황','',NULL,'30',NULL,NULL,'Y','Y','/admin/stats/selectListSatisfactionStatus.do',NULL,'',10,1,10,20,100,10,0,'1','2020-04-09 18:53:25',NULL,'2020-06-29 10:04:15'),('M0001820','10001000110019001100','20',5,'Page View','',NULL,'30',NULL,NULL,'Y','Y','/admin/stats/selectListPV.do',NULL,'',20,1,10,20,100,30,0,'1','2020-04-09 18:53:25',NULL,'2020-06-29 10:04:15'),('M0001830','10001000110019001200','20',5,'Unique Visitors','',NULL,'30',NULL,NULL,'Y','Y','/admin/stats/selectListUV.do',NULL,'',30,1,10,20,100,40,0,'1','2020-04-09 18:53:26',NULL,'2020-06-29 10:04:15'),('M0001840','10001000110019001300','20',5,'만족도 평균','',NULL,'30',NULL,NULL,'Y','Y','/admin/stats/selectListSatisfactionAvg.do',NULL,'',15,1,10,20,100,20,0,'1','2020-04-09 18:53:26',NULL,'2020-06-29 10:04:15'),('M0001850','100010001200','30',3,'공통','비로그인',NULL,'30',NULL,NULL,'Y','N','',NULL,'',40,1,10,40,0,0,0,'1','2020-04-09 18:53:26',NULL,'2020-06-29 10:12:44'),('M0001860','1000100012001000','40',4,'로그인','',NULL,'30',NULL,NULL,'Y','N','/admin/login.do',NULL,'',10,1,10,40,10,0,0,'1','2020-04-09 18:53:26',NULL,'2020-06-29 10:12:44'),('M0001870','1000100012001100','40',4,'로그인','비밀번호초기화여부확인',NULL,'30',NULL,NULL,'Y','N','/admin/initlUserPasswordCheckAjax.do',NULL,'',20,1,10,40,20,0,0,'8','2020-05-12 10:26:55',NULL,'2020-06-29 10:13:50'),('M0001880','1000100012001200','40',4,'로그아웃','',NULL,'30',NULL,NULL,'Y','N','/admin/logout.do',NULL,'',30,1,10,40,30,0,0,'1','2020-04-09 18:53:26',NULL,'2020-06-29 10:13:45'),('M0001890','1000100012001300','40',4,'header 사용자 정보 상세','',NULL,'30',NULL,NULL,'Y','N','/admin/user/selectUserMgtAjax.do',NULL,'',40,1,10,40,40,0,0,'1','2020-04-09 18:53:26',NULL,'2020-06-29 10:15:22'),('M0001900','1000100012001400','40',4,'header 사용자 정보 수정','',NULL,'30',NULL,NULL,'Y','N','/admin/user/updateUserMgtAjax.do',NULL,'',50,1,10,40,50,0,0,'1','2020-04-09 18:53:26',NULL,'2020-06-29 10:15:26'),('M0001910','100010001400','10',3,'홈페이지 관리 (10)','',NULL,'30',NULL,NULL,'Y','Y','/admin/bbsmng/10/selectPageListBbsMng.do',NULL,'',30,1,10,30,0,0,0,'1','2020-04-23 13:43:38',NULL,'2020-06-29 10:31:36'),('M0001920','1000100014001000','20',4,'게시판 관리','','file-tray-outline','30',NULL,NULL,'Y','Y','/admin/bbsmng/10/selectPageListBbsMng.do',NULL,'',10,1,10,30,10,0,0,'1','2020-04-23 13:44:02',NULL,'2020-06-29 10:31:36'),('M0001930','10001000140010001000','30',5,'게시판 관리','상세',NULL,'30',NULL,NULL,'Y','Y','/admin/bbsmng/10/selectBbsMng.do',NULL,'',10,1,10,30,10,10,0,'1','2020-04-23 13:44:34',NULL,'2020-06-29 10:31:36'),('M0001940','10001000140010001200','30',5,'게시판 관리','입력폼',NULL,'30',NULL,NULL,'Y','N','/admin/bbsmng/10/insertFormBbsMng.do',NULL,'',30,1,10,30,10,30,0,'1','2020-04-23 13:58:33',NULL,'2020-06-29 10:31:36'),('M0001950','10001000140010001300','30',5,'게시판 관리','수정폼',NULL,'30',NULL,NULL,'Y','N','/admin/bbsmng/10/updateFormBbsMng.do',NULL,'',40,1,10,30,10,40,0,'1','2020-04-24 09:22:05',NULL,'2020-06-29 10:31:36'),('M0001960','10001000140010001400','40',5,'게시판 관리','게시판코드 중복 체크',NULL,'30',NULL,NULL,'Y','N','/admin/bbsmng/10/selectExistYnBbsCodeAjax.do',NULL,'',50,1,10,30,10,50,0,'1','2020-04-27 14:48:18',NULL,'2020-06-29 10:31:36'),('M0001970','10001000140010001500','40',5,'게시판 관리','게시판코드 SEQ조회',NULL,'30',NULL,NULL,'Y','N','/admin/bbsmng/10/selectBbsCodeSeqAjax.do',NULL,'',60,1,10,30,10,60,0,'1','2020-04-27 14:56:40',NULL,'2020-06-29 10:31:36'),('M0001980','10001000140010001600','40',5,'게시판 관리','수정',NULL,'30',NULL,NULL,'Y','N','/admin/bbsmng/10/updateBbsMng.do',NULL,'',70,1,10,30,10,70,0,'1','2020-04-28 16:53:44',NULL,'2020-06-29 10:31:36'),('M0001990','10001000140010001700','40',5,'게시판 관리','삭제',NULL,'30',NULL,NULL,'Y','N','/admin/bbsmng/10/deleteBbsMng.do',NULL,'',80,1,10,30,10,80,0,'1','2020-04-28 16:54:21',NULL,'2020-06-29 10:31:36'),('M0002000','10001000140010001800','40',5,'게시판 관리','입력',NULL,'30',NULL,NULL,'Y','N','/admin/bbsmng/10/insertBbsMng.do',NULL,'',90,1,10,30,10,90,0,'1','2020-06-15 20:33:09',NULL,'2020-06-29 10:31:36'),('M0002010','1000100014001100','20',4,'게시물 관리','','file-tray-full-outline','30',NULL,NULL,'Y','Y','/admin/bbs/10/selectPageListBbsMgt.do',NULL,'',20,1,10,30,20,0,0,'1','2020-04-28 13:55:40',NULL,'2020-06-29 10:31:36'),('M0002020','10001000140011001000','30',5,'게시물 관리','상세',NULL,'30',NULL,NULL,'Y','Y','/admin/bbs/10/selectBbsMgt.do',NULL,'',10,1,10,30,20,10,0,'1','2020-04-28 13:56:11',NULL,'2020-06-29 10:31:36'),('M0002030','10001000140011001100','40',5,'게시물 관리','게시판코드조회',NULL,'30',NULL,NULL,'Y','N','/admin/bbs/10/selectListBbsCodeAjax.do',NULL,'',20,1,10,30,20,20,0,'1','2020-04-28 14:16:30',NULL,'2020-06-29 10:31:36'),('M0002040','10001000140011001200','30',5,'게시물 관리','수정폼',NULL,'30',NULL,NULL,'Y','N','/admin/bbs/10/updateFormBbsMgt.do',NULL,'',30,1,10,30,20,30,0,'1','2020-04-28 14:45:08',NULL,'2020-06-29 10:31:36'),('M0002050','10001000140011001300','40',5,'게시물 관리','수정',NULL,'30',NULL,NULL,'Y','N','/admin/bbs/10/updateBbsMgt.do',NULL,'',40,1,10,30,20,40,0,'1','2020-04-28 14:59:00',NULL,'2020-06-29 10:31:36'),('M0002060','10001000140011001400','30',5,'게시물 관리','게시물 이동 팝업',NULL,'30',NULL,NULL,'Y','N','/admin/bbs/10/selectListSysBbs.do',NULL,'',50,1,10,30,20,50,0,'1','2020-04-28 15:23:43',NULL,'2020-06-29 10:31:36'),('M0002070','10001000140011001500','40',5,'게시물 관리','게시물 이동',NULL,'30',NULL,NULL,'Y','N','/admin/bbs/10/changeSysBbs.do',NULL,'',60,1,10,30,20,60,0,'1','2020-04-28 15:24:08',NULL,'2020-06-29 10:31:36'),('M0002080','10001000140011001600','40',5,'게시물 관리','삭제',NULL,'30',NULL,NULL,'Y','N','/admin/bbs/10/deleteBbsMgt.do',NULL,'',70,1,10,30,20,70,0,'1','2020-04-28 15:59:17',NULL,'2020-06-29 10:31:36'),('M0002090','10001000140011001700','30',5,'게시물 관리','입력폼',NULL,'30',NULL,NULL,'Y','N','/admin/bbs/10/insertFormBbsMgt.do',NULL,'',80,1,10,30,20,80,0,'1','2020-04-28 16:04:15',NULL,'2020-06-29 10:31:36'),('M0002100','10001000140011001800','40',5,'게시물 관리','입력',NULL,'30',NULL,NULL,'Y','N','/admin/bbs/10/insertBbsMgt.do',NULL,'',90,1,10,30,20,90,0,'1','2020-04-28 16:04:46',NULL,'2020-06-29 10:31:36'),('M0002110','10001000140011001900','40',5,'게시물 관리','게시판정보조회',NULL,'30',NULL,NULL,'Y','N','/admin/bbs/10/selectBbsMngInfoAjax.do',NULL,'',100,1,10,30,20,100,0,'1','2020-04-28 16:31:34',NULL,'2020-06-29 10:31:36'),('M0002120','10001000140011002000','40',5,'게시물 관리','답변등록',NULL,'30',NULL,NULL,'Y','N','/admin/bbs/10/insertBbsAnswer.do',NULL,'',110,1,10,30,20,110,0,'1','2020-04-28 17:09:56',NULL,'2020-06-29 10:31:36'),('M0002130','10001000140011002100','40',5,'게시물 관리','답변수정',NULL,'30',NULL,NULL,'Y','N','/admin/bbs/10/updateBbsAnswer.do',NULL,'',120,1,10,30,20,120,0,'1','2020-04-28 17:10:16',NULL,'2020-06-29 10:31:36'),('M0002140','10001000140011002200','40',5,'게시물 관리','답변삭제',NULL,'30',NULL,NULL,'Y','N','/admin/bbs/10/deleteBbsAnswer.do',NULL,'',130,1,10,30,20,130,0,'1','2020-04-28 17:10:36',NULL,'2020-06-29 10:31:36'),('M0002150','10001000140011002300','30',5,'게시물 관리','답변수정폼',NULL,'30',NULL,NULL,'Y','N','/admin/bbs/10/updateBbsAnswerForm.do',NULL,'',140,1,10,30,20,140,0,'1','2020-04-28 17:14:09',NULL,'2020-06-29 10:31:36'),('M0002160','1000100014001200','20',4,'콘텐츠 관리','','film-outline','30',NULL,NULL,'Y','Y','/admin/cnts/10/selectPageListCntsMgt.do',NULL,'',30,1,10,30,30,0,0,'1','2020-04-28 18:05:50',NULL,'2020-06-29 10:31:36'),('M0002170','10001000140012001000','30',5,'콘텐츠 관리','상세',NULL,'30',NULL,NULL,'Y','Y','/admin/cnts/10/selectCntsMgt.do',NULL,'',10,1,10,30,30,10,0,'1','2020-04-28 18:06:11',NULL,'2020-06-29 10:31:36'),('M0002180','10001000140012001100','40',5,'콘텐츠 관리','삭제',NULL,'30',NULL,NULL,'Y','N','/admin/cnts/10/deleteCntsMgt.do',NULL,'',20,1,10,30,30,20,0,'1','2020-04-28 18:07:26',NULL,'2020-06-29 10:31:36'),('M0002190','10001000140012001200','30',5,'콘텐츠 관리','입력폼',NULL,'30',NULL,NULL,'Y','N','/admin/cnts/10/insertFormCntsMgt.do',NULL,'',30,1,10,30,30,30,0,'1','2020-04-28 18:09:18',NULL,'2020-06-29 10:31:36'),('M0002200','10001000140012001300','40',5,'콘텐츠 관리','입력',NULL,'30',NULL,NULL,'Y','N','/admin/cnts/10/insertCntsMgt.do',NULL,'',40,1,10,30,30,40,0,'1','2020-04-28 18:09:18',NULL,'2020-06-29 10:31:36'),('M0002210','10001000140012001400','30',5,'콘텐츠 관리','수정폼',NULL,'30',NULL,NULL,'Y','N','/admin/cnts/10/updateFormCntsMgt.do',NULL,'',50,1,10,30,30,50,0,'1','2020-04-28 18:09:18',NULL,'2020-06-29 10:31:36'),('M0002220','10001000140012001500','40',5,'콘텐츠 관리','수정',NULL,'30',NULL,NULL,'Y','N','/admin/cnts/10/updateCntsMgt.do',NULL,'',60,1,10,30,30,60,0,'1','2020-04-28 18:09:18',NULL,'2020-06-29 10:31:36'),('M0002230','10001000140012001600','40',5,'콘텐츠 관리','포토매니저',NULL,'30',NULL,NULL,'Y','N','/admin/cnts/10/selectPageListPhotoMng.do',NULL,'',70,1,10,30,30,70,0,'1','2020-04-28 18:09:18',NULL,'2020-06-29 10:31:36'),('M0002240','10001000140012001700','40',5,'콘텐츠 관리','콘텐츠아이디',NULL,'30',NULL,NULL,'Y','N','/admin/cnts/10/selectCntntIdSeqAjax.do',NULL,'',80,1,10,30,30,80,0,'1','2020-04-28 18:10:09',NULL,'2020-06-29 10:31:36'),('M0002250','10001000140012001800','40',5,'콘텐츠 관리','콘텐츠아이디 확인',NULL,'30',NULL,NULL,'Y','N','/admin/cnts/10/cntntIdChkAjax.do',NULL,'',90,1,10,30,30,90,0,'1','2020-04-28 18:10:09',NULL,'2020-06-29 10:31:36'),('M0002260','1000100014001300','20',4,'팝업 관리','','browsers-outline','30',NULL,NULL,'Y','Y','/admin/popup/10/selectPageListPopupMgt.do',NULL,'',40,1,10,30,40,0,0,'1','2020-04-28 14:03:08',NULL,'2020-06-29 10:31:36'),('M0002270','10001000140013001000','30',5,'팝업 관리','상세',NULL,'30',NULL,NULL,'Y','Y','/admin/popup/10/selectPopupMgt.do',NULL,'',10,1,10,30,40,10,0,'1','2020-04-28 14:03:48',NULL,'2020-06-29 10:31:36'),('M0002280','10001000140013001100','40',5,'팝업 관리','삭제',NULL,'30',NULL,NULL,'Y','Y','/admin/popup/10/deletePopupMgt.do',NULL,'',20,1,10,30,40,20,0,'1','2020-04-28 14:04:30',NULL,'2020-06-29 10:31:36'),('M0002290','10001000140013001200','30',5,'팝업 관리','입력폼',NULL,'30',NULL,NULL,'Y','Y','/admin/popup/10/insertFormPopupMgt.do',NULL,'',30,1,10,30,40,30,0,'1','2020-04-28 14:05:03',NULL,'2020-06-29 10:31:36'),('M0002300','10001000140013001300','40',5,'팝업 관리','입력',NULL,'30',NULL,NULL,'Y','Y','/admin/popup/10/insertPopupMgt.do',NULL,'',40,1,10,30,40,40,0,'1','2020-04-28 14:05:41',NULL,'2020-06-29 10:31:36'),('M0002310','10001000140013001400','30',5,'팝업 관리','수정폼',NULL,'30',NULL,NULL,'Y','Y','/admin/popup/10/updateFormPopupMgt.do',NULL,'',50,1,10,30,40,50,0,'1','2020-04-28 14:06:08',NULL,'2020-06-29 10:31:36'),('M0002320','10001000140013001500','40',5,'팝업 관리','수정',NULL,'30',NULL,NULL,'Y','Y','/admin/popup/10/updatePopupMgt.do',NULL,'',60,1,10,30,40,60,0,'1','2020-04-28 14:06:36',NULL,'2020-06-29 10:31:36'),('M0002330','10001000140013001600','40',5,'팝업 관리','모바일판업전시여부',NULL,'30',NULL,NULL,'Y','N','/admin/popup/10/checkMobilePopupAjax.do',NULL,'',70,1,10,30,40,70,0,'8','2020-05-14 13:25:31',NULL,'2020-06-29 10:31:36'),('M0002340','1000100014001400','20',4,'배너관리','','reader-outline','30',NULL,NULL,'Y','Y','/admin/banners/10/selectPageListBannersMgt.do',NULL,'',50,1,10,30,50,0,0,'1','2020-04-28 14:52:39',NULL,'2020-06-29 10:31:36'),('M0002350','10001000140014001000','30',5,'배너관리','상세',NULL,'30',NULL,NULL,'Y','Y','/admin/banners/10/selectBannersMgt.do',NULL,'',10,1,10,30,50,10,0,'1','2020-04-28 14:53:02',NULL,'2020-06-29 10:31:36'),('M0002360','10001000140014001100','30',5,'배너관리','입력폼',NULL,'30',NULL,NULL,'Y','Y','/admin/banners/10/insertFormBannersMgt.do',NULL,'',20,1,10,30,50,20,0,'1','2020-04-28 14:53:42',NULL,'2020-06-29 10:31:36'),('M0002370','10001000140014001200','40',5,'배너관리','입력',NULL,'30',NULL,NULL,'Y','Y','/admin/banners/10/insertBannersMgt.do',NULL,'',30,1,10,30,50,30,0,'1','2020-04-28 14:56:23',NULL,'2020-06-29 10:31:36'),('M0002380','10001000140014001300','30',5,'배너관리','수정폼',NULL,'30',NULL,NULL,'Y','Y','/admin/banners/10/updateFormBannersMgt.do',NULL,'',40,1,10,30,50,40,0,'1','2020-04-28 14:57:27',NULL,'2020-06-29 10:31:36'),('M0002390','10001000140014001400','40',5,'배너관리','수정',NULL,'30',NULL,NULL,'Y','Y','/admin/banners/10/updateBannersMgt.do',NULL,'',50,1,10,30,50,50,0,'1','2020-04-28 14:58:15',NULL,'2020-06-29 10:31:36'),('M0002400','10001000140014001500','40',5,'배너관리','삭제',NULL,'30',NULL,NULL,'Y','Y','/admin/banners/10/deleteBannersMgt.do',NULL,'',60,1,10,30,50,60,0,'1','2020-04-28 15:00:01',NULL,'2020-06-29 10:31:36'),('M0002410','10001000140014001600','40',5,'배너관리','배너이미지 입력Ajax',NULL,'30',NULL,NULL,'Y','Y','/admin/banners/10/insertBannersImageAjax.do',NULL,'',70,1,10,30,50,70,0,'1','2020-04-28 15:03:23',NULL,'2020-06-29 10:31:36'),('M0002420','10001000140014001700','40',5,'배너관리','배너이미지 수정Ajax',NULL,'30',NULL,NULL,'Y','Y','/admin/banners/10/updateBannersImageAjax.do',NULL,'',80,1,10,30,50,80,0,'1','2020-04-28 15:03:56',NULL,'2020-06-29 10:31:36'),('M0002430','10001000140014001800','40',5,'배너관리','배너이미지 삭제 Ajax',NULL,'30',NULL,NULL,'Y','Y','/admin/banners/10/deleteBannersFileAjax.do',NULL,'',90,1,10,30,50,90,0,'1','2020-04-28 15:04:40',NULL,'2020-06-29 10:31:36'),('M0002440','1000100014001500','20',4,'사진 관리','','image-outline','30',NULL,NULL,'Y','Y','/admin/photo/10/selectPageListPhotoMgt.do',NULL,'',60,1,10,30,60,0,0,'1','2020-04-28 17:10:06',NULL,'2020-06-29 10:31:36'),('M0002450','10001000140015001000','30',5,'사진 관리','상세',NULL,'30',NULL,NULL,'Y','Y','/admin/photo/10/selectPhotoMgt.do',NULL,'',10,1,10,30,60,10,0,'1','2020-04-28 17:10:39',NULL,'2020-06-29 10:31:36'),('M0002460','10001000140015001100','40',5,'사진 관리','삭제',NULL,'30',NULL,NULL,'Y','Y','/admin/photo/10/deletePhotoMgt.do',NULL,'',20,1,10,30,60,20,0,'1','2020-04-28 17:11:07',NULL,'2020-06-29 10:31:36'),('M0002470','10001000140015001200','30',5,'사진 관리','등록폼',NULL,'30',NULL,NULL,'Y','Y','/admin/photo/10/insertFormPhotoMgt.do',NULL,'',30,1,10,30,60,30,0,'1','2020-04-28 17:11:35',NULL,'2020-06-29 10:31:36'),('M0002480','10001000140015001300','40',5,'사진 관리','등록',NULL,'30',NULL,NULL,'Y','Y','/admin/photo/10/insertPhotoMgt.do',NULL,'',40,1,10,30,60,40,0,'1','2020-04-28 17:12:03',NULL,'2020-06-29 10:31:36'),('M0002490','10001000140015001400','30',5,'사진 관리','수정폼',NULL,'30',NULL,NULL,'Y','Y','/admin/photo/10/updateFormPhotoMgt.do',NULL,'',50,1,10,30,60,50,0,'1','2020-04-28 17:12:33',NULL,'2020-06-29 10:31:36'),('M0002500','10001000140015001500','40',5,'사진 관리','수정',NULL,'30',NULL,NULL,'Y','Y','/admin/photo/10/updatePhotoMgt.do',NULL,'',60,1,10,30,60,60,0,'1','2020-04-28 17:13:01',NULL,'2020-06-29 10:31:36'),('M0002510','10001000140015001600','40',5,'사진 관리','등록용 임시 업로드',NULL,'30',NULL,NULL,'Y','Y','/admin/photo/10/insertPhotoImageAjax.do',NULL,'',70,1,10,30,60,70,0,'1','2020-04-28 17:13:32',NULL,'2020-06-29 10:31:36'),('M0002520','10001000140015001700','40',5,'사진 관리','수정용 임시 업로드',NULL,'30',NULL,NULL,'Y','Y','/admin/photo/10/updatePhotoImageAjax.do',NULL,'',80,1,10,30,60,80,0,'1','2020-04-28 17:14:02',NULL,'2020-06-29 10:31:36'),('M0002530','1000100014001600','20',4,'퀵메뉴 관리','','flash-outline','30',NULL,NULL,'Y','Y','/admin/quickMenu/10/selectPageListQuickMenuMgt.do',NULL,'',70,1,10,30,70,0,0,'8','2020-05-13 15:15:36',NULL,'2020-06-29 10:31:36'),('M0002540','10001000140016001000','30',5,'퀵메뉴 관리','상세',NULL,'30',NULL,NULL,'Y','Y','/admin/quickMenu/10/selectQuickMenuMgt.do',NULL,'',10,1,10,30,70,10,0,'8','2020-05-13 15:16:31',NULL,'2020-06-29 10:31:36'),('M0002550','10001000140016001100','30',5,'퀵메뉴 관리','입력폼',NULL,'30',NULL,NULL,'Y','Y','/admin/quickMenu/10/insertFormQuickMenuMgt.do',NULL,'',20,1,10,30,70,20,0,'8','2020-05-13 15:19:56',NULL,'2020-06-29 10:31:36'),('M0002560','10001000140016001200','40',5,'퀵메뉴 관리','퀵메뉴 입력 ajax',NULL,'30',NULL,NULL,'Y','N','/admin/quickMenu/10/insertQuickMenuImageAjax.do',NULL,'',30,1,10,30,70,30,0,'8','2020-05-13 15:19:56',NULL,'2020-06-29 10:31:36'),('M0002570','10001000140016001300','30',5,'퀵메뉴 관리','수정폼',NULL,'30',NULL,NULL,'Y','Y','/admin/quickMenu/10/updateFormQuickMenuMgt.do',NULL,'',40,1,10,30,70,40,0,'8','2020-05-13 15:22:09',NULL,'2020-06-29 10:31:36'),('M0002580','10001000140016001400','40',5,'퀵메뉴 관리','퀵메뉴 수정 ajax',NULL,'30',NULL,NULL,'Y','N','/admin/quickMenu/10/updateQuickMenuImageAjax.do',NULL,'',50,1,10,30,70,50,0,'8','2020-05-13 15:22:09',NULL,'2020-06-29 10:31:36'),('M0002590','10001000140016001500','40',5,'퀵메뉴 관리','삭제',NULL,'30',NULL,NULL,'Y','N','/admin/quickMenu/10/deleteQuickMenuMgt.do',NULL,'',60,1,10,30,70,60,0,'8','2020-05-13 15:22:09',NULL,'2020-06-29 10:31:36'),('M0002600','10001000140016001600','40',5,'퀵메뉴 관리','퀵메뉴 이미지 삭제 ajax',NULL,'30',NULL,NULL,'Y','N','/admin/quickMenu/10/deleteQuickMenuFileAjax.do',NULL,'',70,1,10,30,70,70,0,'8','2020-05-13 15:22:09',NULL,'2020-06-29 10:31:36'),('M0002610','1000100014001700','20',4,'QR코드 관리','','qr-code-outline','30',NULL,NULL,'Y','Y','/admin/qr/10/selectPageListQrCodeMgt.do',NULL,'',80,1,10,30,80,0,0,'1','2020-06-19 13:34:56',NULL,'2020-06-29 10:31:36'),('M0002620','10001000140017001000','30',5,'QR코드 관리','상세',NULL,'30',NULL,NULL,'Y','N','/admin/qr/10/selectQrCodeMgt.do',NULL,'',10,1,10,30,80,10,0,'1','2020-06-19 13:37:48',NULL,'2020-06-29 10:31:36'),('M0002630','10001000140017001100','30',5,'QR코드 관리','입력폼',NULL,'30',NULL,NULL,'Y','N','/admin/qr/10/insertFormQrCodeMgt.do',NULL,'',20,1,10,30,80,20,0,'1','2020-06-19 13:37:48',NULL,'2020-06-29 10:31:36'),('M0002640','10001000140017001200','40',5,'QR코드 관리','입력',NULL,'30',NULL,NULL,'Y','N','/admin/qr/10/insertQrCodeMgt.do',NULL,'',30,1,10,30,80,30,0,'1','2020-06-19 13:37:48',NULL,'2020-06-29 10:31:36'),('M0002650','10001000140017001300','30',5,'QR코드 관리','수정폼',NULL,'30',NULL,NULL,'Y','N','/admin/qr/10/updateFormQrCodeMgt.do',NULL,'',40,1,10,30,80,40,0,'1','2020-06-19 13:37:48',NULL,'2020-06-29 10:31:36'),('M0002660','10001000140017001400','40',5,'QR코드 관리','수정',NULL,'30',NULL,NULL,'Y','N','/admin/qr/10/updateQrCodeMgt.do',NULL,'',50,1,10,30,80,50,0,'1','2020-06-19 13:37:48',NULL,'2020-06-29 10:31:36'),('M0002670','10001000140017001500','40',5,'QR코드 관리','삭제',NULL,'30',NULL,NULL,'Y','N','/admin/qr/10/deleteQrCodeMgt.do',NULL,'',60,1,10,30,80,60,0,'1','2020-06-19 13:37:48',NULL,'2020-06-29 10:31:36'),('M0002680','1000100014001800','20',4,'사용자관리','','people-outline','30',NULL,NULL,'Y','Y','/admin/mber/10/selectPageListMberMgt.do',NULL,'',90,1,10,30,90,0,0,'26','2020-06-15 15:51:23',NULL,'2020-06-29 10:31:36'),('M0002690','10001000140018001000','30',5,'사용자관리','상세',NULL,'30',NULL,NULL,'Y','N','/admin/mber/10/selectMberMgt.do',NULL,'',10,1,10,30,90,10,0,'26','2020-06-15 15:52:52',NULL,'2020-06-29 10:31:36'),('M0002700','10001000140018001100','30',5,'사용자관리','등록폼',NULL,'30',NULL,NULL,'Y','N','/admin/mber/10/insertFormMberMgt.do',NULL,'',20,1,10,30,90,20,0,'26','2020-06-15 15:52:52',NULL,'2020-06-29 10:31:36'),('M0002710','10001000140018001200','30',5,'사용자관리','수정폼',NULL,'30',NULL,NULL,'Y','N','/admin/mber/10/updateFormMberMgt.do',NULL,'',30,1,10,30,90,30,0,'26','2020-06-15 15:52:52',NULL,'2020-06-29 10:31:36'),('M0002720','10001000140018001300','40',5,'사용자관리','등록',NULL,'30',NULL,NULL,'Y','N','/admin/mber/10/insertMberMgt.do',NULL,'',40,1,10,30,90,40,0,'26','2020-06-15 15:52:52',NULL,'2020-06-29 10:31:36'),('M0002730','10001000140018001400','40',5,'사용자관리','수정',NULL,'30',NULL,NULL,'Y','N','/admin/mber/10/updateMberMgt.do',NULL,'',50,1,10,30,90,50,0,'26','2020-06-15 15:52:52',NULL,'2020-06-29 10:31:36'),('M0002740','10001000140018001500','40',5,'사용자관리','삭제',NULL,'30',NULL,NULL,'Y','N','/admin/mber/10/deleteMberMgt.do',NULL,'',60,1,10,30,90,60,0,'26','2020-06-15 15:52:52',NULL,'2020-06-29 10:31:36'),('M0002750','10001000140018001600','40',5,'사용자관리','아디디중복검사',NULL,'30',NULL,NULL,'Y','N','/admin/mber/10/selectIdExistYnAjax.do',NULL,'',70,1,10,30,90,70,0,'26','2020-06-15 15:54:22',NULL,'2020-06-29 10:31:36'),('M0002760','10001000140018001700','30',5,'사용자관리','엑섹등록폼',NULL,'30',NULL,NULL,'Y','N','/admin/mber/10/insertExcelFormMberMgt.do',NULL,'',80,1,10,30,90,80,0,'26','2020-06-15 15:54:22',NULL,'2020-06-29 10:31:36'),('M0002770','10001000140018001800','40',5,'사용자관리','엑셀데이터조회',NULL,'30',NULL,NULL,'Y','N','/admin/mber/10/selectExcelMberMgtAjax.do',NULL,'',90,1,10,30,90,90,0,'26','2020-06-15 15:54:22',NULL,'2020-06-29 10:31:36'),('M0002780','10001000140018001900','40',5,'사용자관리','엑셀등록',NULL,'30',NULL,NULL,'Y','N','/admin/mber/10/insertExcelMberMgt.do',NULL,'',100,1,10,30,90,100,0,'26','2020-06-15 15:54:22',NULL,'2020-06-29 10:31:36'),('M0002790','10001000140018002000','40',5,'사용자관리','리스트삭제',NULL,'30',NULL,NULL,'Y','N','/admin/mber/10/deleteListMberMgt.do',NULL,'',110,1,10,30,90,110,0,'26','2020-06-15 15:54:22',NULL,'2020-06-29 10:31:36'),('M0002800','1000100014001900','10',4,'통계','','pie-chart-outline','30',NULL,NULL,'Y','Y','/admin/stats/10/selectListSatisfactionStatus.do',NULL,'',100,1,10,30,100,0,0,'1','2020-04-28 17:54:31',NULL,'2020-06-29 10:31:36'),('M0002810','10001000140019001000','20',5,'만족도 현황','',NULL,'30',NULL,NULL,'Y','Y','/admin/stats/10/selectListSatisfactionStatus.do',NULL,'',10,1,10,30,100,10,0,'1','2020-04-28 17:54:56',NULL,'2020-06-29 10:31:36'),('M0002820','10001000140019001100','20',5,'만족도 평균','',NULL,'30',NULL,NULL,'Y','Y','/admin/stats/10/selectListSatisfactionAvg.do',NULL,'',20,1,10,30,100,20,0,'1','2020-04-28 17:55:24',NULL,'2020-06-29 10:31:36'),('M0002830','10001000140019001200','20',5,'Page View','',NULL,'30',NULL,NULL,'Y','Y','/admin/stats/10/selectListPV.do',NULL,'',30,1,10,30,100,30,0,'1','2020-04-28 17:56:02',NULL,'2020-06-29 10:31:36'),('M0002840','10001000140019001300','20',5,'Unique Visitors','',NULL,'30',NULL,NULL,'Y','Y','/admin/stats/10/selectListUV.do',NULL,'',40,1,10,30,100,40,0,'1','2020-04-28 17:57:07',NULL,'2020-06-29 10:31:36');
/*!40000 ALTER TABLE `tb_menu` ENABLE KEYS */;
UNLOCK TABLES;

--
-- Table structure for table `tb_page_view`
--

DROP TABLE IF EXISTS `tb_page_view`;
/*!40101 SET @saved_cs_client     = @@character_set_client */;
/*!40101 SET character_set_client = utf8 */;
CREATE TABLE `tb_page_view` (
  `SYS_CODE` varchar(10) NOT NULL COMMENT '시스템 코드',
  `ACCES_DE` varchar(8) NOT NULL COMMENT '접근 일자',
  `MENU_PK` varchar(8) NOT NULL COMMENT '메뉴 기본키',
  `ACCES_CNT` int(11) DEFAULT NULL COMMENT '접근 카운트',
  PRIMARY KEY (`SYS_CODE`,`ACCES_DE`,`MENU_PK`)
) ENGINE=InnoDB DEFAULT CHARSET=utf8 COMMENT='페이지 뷰';
/*!40101 SET character_set_client = @saved_cs_client */;

--
-- Dumping data for table `tb_page_view`
--

LOCK TABLES `tb_page_view` WRITE;
/*!40000 ALTER TABLE `tb_page_view` DISABLE KEYS */;
/*!40000 ALTER TABLE `tb_page_view` ENABLE KEYS */;
UNLOCK TABLES;

--
-- Table structure for table `tb_photo_group`
--

DROP TABLE IF EXISTS `tb_photo_group`;
/*!40101 SET @saved_cs_client     = @@character_set_client */;
/*!40101 SET character_set_client = utf8 */;
CREATE TABLE `tb_photo_group` (
  `PHOTO_SEQ` int(11) NOT NULL COMMENT '사진 일련',
  `SYS_CODE` varchar(10) DEFAULT NULL COMMENT '시스템 코드',
  `SJ` varchar(200) DEFAULT NULL COMMENT '제목',
  `IMAGE_DOC_ID` varchar(45) DEFAULT NULL COMMENT '이미지 문서 아이디',
  `PHOTO_POTOGRF_DE` varchar(8) DEFAULT NULL COMMENT '사진 촬영 일자',
  `RM` longtext DEFAULT NULL COMMENT '비고',
  `REGISTER_NO` varchar(10) DEFAULT NULL COMMENT '등록자 번호',
  `REGIST_DT` datetime DEFAULT NULL COMMENT '등록 일시',
  `UPDUSR_NO` varchar(10) DEFAULT NULL COMMENT '수정자 번호',
  `UPDT_DT` datetime DEFAULT NULL COMMENT '수정 일시',
  PRIMARY KEY (`PHOTO_SEQ`)
) ENGINE=InnoDB DEFAULT CHARSET=utf8 COMMENT='사진 그룹';
/*!40101 SET character_set_client = @saved_cs_client */;

--
-- Dumping data for table `tb_photo_group`
--

LOCK TABLES `tb_photo_group` WRITE;
/*!40000 ALTER TABLE `tb_photo_group` DISABLE KEYS */;
/*!40000 ALTER TABLE `tb_photo_group` ENABLE KEYS */;
UNLOCK TABLES;

--
-- Table structure for table `tb_photo_meta`
--

DROP TABLE IF EXISTS `tb_photo_meta`;
/*!40101 SET @saved_cs_client     = @@character_set_client */;
/*!40101 SET character_set_client = utf8 */;
CREATE TABLE `tb_photo_meta` (
  `FILE_ID` varchar(45) NOT NULL COMMENT '파일 아이디',
  `IMAGE_DOC_ID` varchar(45) DEFAULT NULL COMMENT '이미지 문서 아이디',
  `PHOTO_SEQ` int(11) DEFAULT NULL COMMENT '사진 일련',
  `CAPTION` varchar(200) DEFAULT NULL COMMENT '캡션',
  `META_INFO` longtext DEFAULT NULL COMMENT '메타 정보',
  `KWRD` varchar(1000) DEFAULT NULL COMMENT '키워드',
  `WIDTH` int(11) DEFAULT NULL COMMENT '가로',
  `HEIGHT` int(11) DEFAULT NULL COMMENT '세로',
  `REGISTER_NO` varchar(10) DEFAULT NULL COMMENT '등록자 번호',
  `REGIST_DT` datetime DEFAULT NULL COMMENT '등록 일시',
  `UPDUSR_NO` varchar(10) DEFAULT NULL COMMENT '수정자 번호',
  `UPDT_DT` datetime DEFAULT NULL COMMENT '수정 일시',
  PRIMARY KEY (`FILE_ID`)
) ENGINE=InnoDB DEFAULT CHARSET=utf8 COMMENT='사진 메타';
/*!40101 SET character_set_client = @saved_cs_client */;

--
-- Dumping data for table `tb_photo_meta`
--

LOCK TABLES `tb_photo_meta` WRITE;
/*!40000 ALTER TABLE `tb_photo_meta` DISABLE KEYS */;
/*!40000 ALTER TABLE `tb_photo_meta` ENABLE KEYS */;
UNLOCK TABLES;

--
-- Table structure for table `tb_popup`
--

DROP TABLE IF EXISTS `tb_popup`;
/*!40101 SET @saved_cs_client     = @@character_set_client */;
/*!40101 SET character_set_client = utf8 */;
CREATE TABLE `tb_popup` (
  `POPUP_SEQ` int(11) NOT NULL AUTO_INCREMENT COMMENT '팝업 일련',
  `SYS_CODE` varchar(10) NOT NULL COMMENT '시스템 코드',
  `POPUP_SE_CODE` varchar(10) DEFAULT NULL COMMENT '팝업 구분 코드',
  `SJ` varchar(200) DEFAULT NULL COMMENT '제목',
  `CN` longtext DEFAULT NULL COMMENT '내용 ',
  `LINK_URL` varchar(1000) DEFAULT NULL COMMENT '링크URL',
  `WIDTH_SIZE` int(11) DEFAULT NULL COMMENT '가로 사이즈',
  `VRTICL_SIZE` int(11) DEFAULT NULL COMMENT '세로 사이즈',
  `IMAGE_DOC_ID` varchar(45) DEFAULT NULL COMMENT '이미지 문서 아이디',
  `CRDNT_X` int(11) DEFAULT NULL COMMENT '좌표 X',
  `CRDNT_Y` int(11) DEFAULT NULL COMMENT '좌표 Y',
  `USE_YN` varchar(1) DEFAULT NULL COMMENT '사용 가부',
  `MOBILE_USE_YN` varchar(1) DEFAULT NULL COMMENT '모바일 사용 가부',
  `DISP_BEGIN_DE` varchar(12) DEFAULT NULL COMMENT '전시 시작 일자',
  `DISP_END_DE` varchar(12) DEFAULT NULL COMMENT '전시 종료 일자',
  `REGISTER_NO` varchar(10) DEFAULT NULL COMMENT '등록자 번호',
  `REGIST_DT` datetime DEFAULT NULL COMMENT '등록 일시 ',
  `UPDUSR_NO` varchar(10) DEFAULT NULL COMMENT '수정자 번호',
  `UPDT_DT` datetime DEFAULT NULL COMMENT '수정 일시 ',
  PRIMARY KEY (`POPUP_SEQ`)
) ENGINE=InnoDB DEFAULT CHARSET=utf8 COMMENT='팝업';
/*!40101 SET character_set_client = @saved_cs_client */;

--
-- Dumping data for table `tb_popup`
--

LOCK TABLES `tb_popup` WRITE;
/*!40000 ALTER TABLE `tb_popup` DISABLE KEYS */;
/*!40000 ALTER TABLE `tb_popup` ENABLE KEYS */;
UNLOCK TABLES;

--
-- Table structure for table `tb_qr_code`
--

DROP TABLE IF EXISTS `tb_qr_code`;
/*!40101 SET @saved_cs_client     = @@character_set_client */;
/*!40101 SET character_set_client = utf8 */;
CREATE TABLE `tb_qr_code` (
  `QR_SEQ` int(11) NOT NULL AUTO_INCREMENT COMMENT 'QR 일련',
  `SYS_CODE` varchar(10) DEFAULT NULL COMMENT '시스템 코드',
  `SJ` varchar(200) DEFAULT NULL COMMENT '제목',
  `CODE_CN` longtext DEFAULT NULL COMMENT '코드 내용',
  `QR_IMAGE_DOC_ID` varchar(45) DEFAULT NULL COMMENT 'QR 이미지 문서 아이디',
  `IMAGE_DOC_ID` varchar(45) DEFAULT NULL COMMENT '이미지 문서 아이디',
  `REGISTER_NO` varchar(10) DEFAULT NULL COMMENT '등록자 번호',
  `REGIST_DT` datetime DEFAULT NULL COMMENT '등록 일시',
  `UPDUSR_NO` varchar(10) DEFAULT NULL COMMENT '수정자 번호',
  `UPDT_DT` datetime DEFAULT NULL COMMENT '수정 일시',
  PRIMARY KEY (`QR_SEQ`)
) ENGINE=InnoDB DEFAULT CHARSET=utf8 COMMENT='QR 코드';
/*!40101 SET character_set_client = @saved_cs_client */;

--
-- Dumping data for table `tb_qr_code`
--

LOCK TABLES `tb_qr_code` WRITE;
/*!40000 ALTER TABLE `tb_qr_code` DISABLE KEYS */;
/*!40000 ALTER TABLE `tb_qr_code` ENABLE KEYS */;
UNLOCK TABLES;

--
-- Table structure for table `tb_quick_menu`
--

DROP TABLE IF EXISTS `tb_quick_menu`;
/*!40101 SET @saved_cs_client     = @@character_set_client */;
/*!40101 SET character_set_client = utf8 */;
CREATE TABLE `tb_quick_menu` (
  `QUICK_MENU_SEQ` int(11) NOT NULL AUTO_INCREMENT COMMENT '퀵 메뉴 일련',
  `SYS_CODE` varchar(10) DEFAULT NULL COMMENT '시스템 코드',
  `ZONE_CODE` varchar(4) DEFAULT NULL COMMENT '구역 코드',
  `QUICK_MENU_NM` varchar(100) DEFAULT NULL COMMENT '퀵 메뉴 명',
  `WEB_IMAGE_DOC_ID` varchar(45) DEFAULT NULL COMMENT '웹 이미지 문서 아이디',
  `MOBILE_IMAGE_DOC_ID` varchar(45) DEFAULT NULL COMMENT '모바일 이미지 문서 아이디',
  `DISP_YN` varchar(1) DEFAULT NULL COMMENT '전시 가부',
  `ATTRB_1` varchar(1000) DEFAULT NULL COMMENT '속성1',
  `ATTRB_2` varchar(1000) DEFAULT NULL COMMENT '속성2',
  `ATTRB_3` varchar(1000) DEFAULT NULL COMMENT '속성3',
  `REGISTER_NO` varchar(10) DEFAULT NULL COMMENT '등록자 번호',
  `REGIST_DT` datetime DEFAULT NULL COMMENT '등록 일시',
  `UPDUSR_NO` varchar(10) DEFAULT NULL COMMENT '수정자 번호',
  `UPDT_DT` datetime DEFAULT NULL COMMENT '수정 일시',
  PRIMARY KEY (`QUICK_MENU_SEQ`)
) ENGINE=InnoDB DEFAULT CHARSET=utf8 COMMENT='퀵 메뉴';
/*!40101 SET character_set_client = @saved_cs_client */;

--
-- Dumping data for table `tb_quick_menu`
--

LOCK TABLES `tb_quick_menu` WRITE;
/*!40000 ALTER TABLE `tb_quick_menu` DISABLE KEYS */;
/*!40000 ALTER TABLE `tb_quick_menu` ENABLE KEYS */;
UNLOCK TABLES;

--
-- Table structure for table `tb_quick_menu_image`
--

DROP TABLE IF EXISTS `tb_quick_menu_image`;
/*!40101 SET @saved_cs_client     = @@character_set_client */;
/*!40101 SET character_set_client = utf8 */;
CREATE TABLE `tb_quick_menu_image` (
  `QUICK_MENU_IMAGE_SEQ` int(11) NOT NULL AUTO_INCREMENT COMMENT '퀵 메뉴 이미지 일련',
  `DOC_ID` varchar(100) DEFAULT NULL COMMENT '문서 아이디',
  `FILE_ID` varchar(60) DEFAULT NULL COMMENT '파일 아이디',
  `FILE_NM` varchar(200) DEFAULT NULL COMMENT '파일 명',
  `FILE_EXTSN_NM` varchar(100) DEFAULT NULL COMMENT '파일 확장자 명',
  `FILE_SIZE` varchar(100) DEFAULT NULL COMMENT '파일 사이즈',
  `FILE_PARTN_COURS` varchar(200) DEFAULT NULL COMMENT '파일 상대 경로',
  `FILE_ABSLT_COURS` varchar(200) DEFAULT NULL COMMENT '파일 절대 경로',
  `CNTNTS_TY` varchar(100) DEFAULT NULL COMMENT '콘텐츠 유형',
  `LINK_URL` varchar(1000) DEFAULT NULL COMMENT '링크URL',
  `SORT_ORDR` int(11) DEFAULT NULL COMMENT '정렬 순서',
  `DISP_YN` varchar(1) DEFAULT 'Y' COMMENT '전시 가부',
  `ATTRB_1` varchar(1000) DEFAULT NULL COMMENT '속성 1',
  `ATTRB_2` varchar(1000) DEFAULT NULL COMMENT '속성 2',
  `ATTRB_3` varchar(1000) DEFAULT NULL COMMENT '속성 3',
  `REGISTER_NO` varchar(10) DEFAULT NULL COMMENT '등록자 번호',
  `REGIST_DT` datetime DEFAULT NULL COMMENT '등록 일시',
  PRIMARY KEY (`QUICK_MENU_IMAGE_SEQ`)
) ENGINE=InnoDB DEFAULT CHARSET=utf8 COMMENT='퀵 메뉴 이미지';
/*!40101 SET character_set_client = @saved_cs_client */;

--
-- Dumping data for table `tb_quick_menu_image`
--

LOCK TABLES `tb_quick_menu_image` WRITE;
/*!40000 ALTER TABLE `tb_quick_menu_image` DISABLE KEYS */;
/*!40000 ALTER TABLE `tb_quick_menu_image` ENABLE KEYS */;
UNLOCK TABLES;

--
-- Table structure for table `tb_seq`
--

DROP TABLE IF EXISTS `tb_seq`;
/*!40101 SET @saved_cs_client     = @@character_set_client */;
/*!40101 SET character_set_client = utf8 */;
CREATE TABLE `tb_seq` (
  `SEQ_NM` varchar(100) NOT NULL COMMENT '일련 명',
  `SEQ_INCRS` int(11) DEFAULT NULL COMMENT '일련 증가',
  `SEQ_MUMM_VALUE` int(11) DEFAULT NULL COMMENT '일련 최소 값',
  `SEQ_MXMM_VALUE` int(11) DEFAULT NULL COMMENT '일련 최대 값',
  `SEQ_NOW_VALUE` int(11) DEFAULT NULL COMMENT '일련 현재 값',
  `SEQ_INITL_YN` varchar(1) DEFAULT NULL COMMENT '일련 초기화 가부',
  PRIMARY KEY (`SEQ_NM`)
) ENGINE=InnoDB DEFAULT CHARSET=utf8 COMMENT='일련';
/*!40101 SET character_set_client = @saved_cs_client */;

--
-- Dumping data for table `tb_seq`
--

LOCK TABLES `tb_seq` WRITE;
/*!40000 ALTER TABLE `tb_seq` DISABLE KEYS */;
INSERT INTO `tb_seq` VALUES ('SQ_MENU_PK',10,1,2147483647,2850,'Y'),('SQ_PHOTO_SEQ',1,1,2147483647,2,'Y'),('SQ_USER_NO',1,1,2147483647,2,'Y');
/*!40000 ALTER TABLE `tb_seq` ENABLE KEYS */;
UNLOCK TABLES;

--
-- Table structure for table `tb_stsfdg`
--

DROP TABLE IF EXISTS `tb_stsfdg`;
/*!40101 SET @saved_cs_client     = @@character_set_client */;
/*!40101 SET character_set_client = utf8 */;
CREATE TABLE `tb_stsfdg` (
  `SYS_CODE` varchar(10) DEFAULT NULL COMMENT '시스템 코드',
  `MENU_PK` varchar(8) DEFAULT NULL COMMENT '메뉴 기본키',
  `URL` varchar(1000) DEFAULT NULL COMMENT 'URL',
  `URI` varchar(1000) DEFAULT NULL COMMENT 'URI',
  `QUERY` varchar(1000) DEFAULT NULL COMMENT '쿼리',
  `STSFDG_SCORE` int(11) DEFAULT NULL COMMENT '만족도 점수',
  `REGIST_DT` datetime DEFAULT NULL COMMENT '등록 일시'
) ENGINE=InnoDB DEFAULT CHARSET=utf8 COMMENT='만족도';
/*!40101 SET character_set_client = @saved_cs_client */;

--
-- Dumping data for table `tb_stsfdg`
--

LOCK TABLES `tb_stsfdg` WRITE;
/*!40000 ALTER TABLE `tb_stsfdg` DISABLE KEYS */;
/*!40000 ALTER TABLE `tb_stsfdg` ENABLE KEYS */;
UNLOCK TABLES;

--
-- Table structure for table `tb_unique_visitr`
--

DROP TABLE IF EXISTS `tb_unique_visitr`;
/*!40101 SET @saved_cs_client     = @@character_set_client */;
/*!40101 SET character_set_client = utf8 */;
CREATE TABLE `tb_unique_visitr` (
  `SYS_CODE` varchar(10) NOT NULL COMMENT '시스템 코드',
  `ACCES_DE` varchar(8) NOT NULL COMMENT '접근 일자',
  `MENU_PK` varchar(8) NOT NULL COMMENT '메뉴 기본키',
  `ACCES_CNT` int(11) DEFAULT NULL COMMENT '접근 카운트',
  PRIMARY KEY (`SYS_CODE`,`ACCES_DE`,`MENU_PK`)
) ENGINE=InnoDB DEFAULT CHARSET=utf8 COMMENT='유일 방문자';
/*!40101 SET character_set_client = @saved_cs_client */;

--
-- Dumping data for table `tb_unique_visitr`
--

LOCK TABLES `tb_unique_visitr` WRITE;
/*!40000 ALTER TABLE `tb_unique_visitr` DISABLE KEYS */;
/*!40000 ALTER TABLE `tb_unique_visitr` ENABLE KEYS */;
UNLOCK TABLES;

--
-- Table structure for table `tb_user`
--

DROP TABLE IF EXISTS `tb_user`;
/*!40101 SET @saved_cs_client     = @@character_set_client */;
/*!40101 SET character_set_client = utf8 */;
CREATE TABLE `tb_user` (
  `USER_NO` varchar(10) NOT NULL COMMENT '사용자 번호',
  `USER_SE_CODE` varchar(10) DEFAULT NULL COMMENT '사용자 구분 코드',
  `USER_ID` varchar(200) DEFAULT NULL COMMENT '사용자 아이디',
  `PASSWORD` varchar(200) DEFAULT NULL COMMENT '비밀번호',
  `USER_NM` varchar(200) DEFAULT NULL COMMENT '사용자 이름',
  `USER_STTUS_CODE` varchar(10) DEFAULT NULL COMMENT '사용자 상태 코드',
  `THEMA_OPTION` varchar(1000) DEFAULT NULL,
  `PASSWORD_INITL_YN` varchar(1) DEFAULT 'N' COMMENT '비밀번호 초기화 여부',
  `LOGIN_FAILR_CNT` int(11) DEFAULT 0 COMMENT '로그인 실패 수',
  `REGISTER_NO` varchar(10) DEFAULT NULL COMMENT '등록자 번호',
  `REGIST_DT` datetime DEFAULT NULL COMMENT '등록 일시',
  `UPDUSR_NO` varchar(10) DEFAULT NULL COMMENT '수정자 번호',
  `UPDT_DT` datetime DEFAULT NULL COMMENT '수정 일시',
  PRIMARY KEY (`USER_NO`)
) ENGINE=InnoDB DEFAULT CHARSET=utf8 COMMENT='사용자';
/*!40101 SET character_set_client = @saved_cs_client */;

--
-- Dumping data for table `tb_user`
--

LOCK TABLES `tb_user` WRITE;
/*!40000 ALTER TABLE `tb_user` DISABLE KEYS */;
INSERT INTO `tb_user` VALUES ('1','10','admin','b7hniPOOY0EfHJXBDkacx91ysH4h0TnkTXJpdRwJOhw=','관리자','10',NULL,'N',0,'1','2020-04-07 09:52:11',NULL,'2020-06-29 15:52:11');
/*!40000 ALTER TABLE `tb_user` ENABLE KEYS */;
UNLOCK TABLES;

--
-- Table structure for table `tb_user_adi`
--

DROP TABLE IF EXISTS `tb_user_adi`;
/*!40101 SET @saved_cs_client     = @@character_set_client */;
/*!40101 SET character_set_client = utf8 */;
CREATE TABLE `tb_user_adi` (
  `USER_NO` varchar(10) NOT NULL COMMENT '사용자 번호',
  `CTTPC_SE_CODE` varchar(4) DEFAULT NULL COMMENT '연락처 구분 코드',
  `CTTPC` varchar(200) DEFAULT NULL COMMENT '연락처',
  `EMAIL` varchar(200) DEFAULT NULL COMMENT '이메일',
  `REGISTER_NO` varchar(10) DEFAULT NULL COMMENT '등록자 번호',
  `REGIST_DT` datetime DEFAULT NULL COMMENT '등록 일시',
  PRIMARY KEY (`USER_NO`)
) ENGINE=InnoDB DEFAULT CHARSET=utf8 COMMENT='사용자 부가';
/*!40101 SET character_set_client = @saved_cs_client */;

--
-- Dumping data for table `tb_user_adi`
--

LOCK TABLES `tb_user_adi` WRITE;
/*!40000 ALTER TABLE `tb_user_adi` DISABLE KEYS */;
/*!40000 ALTER TABLE `tb_user_adi` ENABLE KEYS */;
UNLOCK TABLES;

--
-- Table structure for table `tb_user_author`
--

DROP TABLE IF EXISTS `tb_user_author`;
/*!40101 SET @saved_cs_client     = @@character_set_client */;
/*!40101 SET character_set_client = utf8 */;
CREATE TABLE `tb_user_author` (
  `USER_AUTHOR_SEQ` int(11) NOT NULL AUTO_INCREMENT COMMENT '사용자 권한 일련',
  `USER_NO` varchar(10) NOT NULL COMMENT '사용자 번호',
  `AUTHOR_ID` varchar(20) NOT NULL COMMENT '권한 아이디',
  `REGISTER_NO` varchar(10) DEFAULT NULL COMMENT '등록자 번호',
  `REGIST_DT` datetime DEFAULT NULL COMMENT '등록 일시',
  `UPDUSR_NO` varchar(10) DEFAULT NULL COMMENT '수정자 번호',
  `UPDT_DT` datetime DEFAULT NULL COMMENT '수정 일시',
  PRIMARY KEY (`USER_AUTHOR_SEQ`,`USER_NO`,`AUTHOR_ID`)
) ENGINE=InnoDB AUTO_INCREMENT=2 DEFAULT CHARSET=utf8 COMMENT='사용자 권한';
/*!40101 SET character_set_client = @saved_cs_client */;

--
-- Dumping data for table `tb_user_author`
--

LOCK TABLES `tb_user_author` WRITE;
/*!40000 ALTER TABLE `tb_user_author` DISABLE KEYS */;
INSERT INTO `tb_user_author` VALUES (1,'1','ADMIN','1','2020-06-29 14:51:55',NULL,NULL);
/*!40000 ALTER TABLE `tb_user_author` ENABLE KEYS */;
UNLOCK TABLES;

--
-- Dumping routines for database 'common'
--
/*!50003 DROP FUNCTION IF EXISTS `FN_NEXTVAL` */;
/*!50003 SET @saved_cs_client      = @@character_set_client */ ;
/*!50003 SET @saved_cs_results     = @@character_set_results */ ;
/*!50003 SET @saved_col_connection = @@collation_connection */ ;
/*!50003 SET character_set_client  = utf8mb4 */ ;
/*!50003 SET character_set_results = utf8mb4 */ ;
/*!50003 SET collation_connection  = utf8mb4_general_ci */ ;
/*!50003 SET @saved_sql_mode       = @@sql_mode */ ;
/*!50003 SET sql_mode              = 'STRICT_TRANS_TABLES,ERROR_FOR_DIVISION_BY_ZERO,NO_AUTO_CREATE_USER,NO_ENGINE_SUBSTITUTION' */ ;
DELIMITER ;;
CREATE DEFINER=`common_my`@`10.10.10.%` FUNCTION `FN_NEXTVAL`(seq_name varchar(100)) RETURNS bigint(20)
BEGIN
    DECLARE cur_val bigint(20);
    SELECT
        SEQ_NOW_VALUE INTO cur_val
    FROM
        tb_seq
    WHERE
        SEQ_NM = seq_name
    ;
    IF cur_val IS NOT NULL THEN
        UPDATE
            tb_seq
        SET
            SEQ_NOW_VALUE = IF (
                (SEQ_NOW_VALUE + SEQ_INCRS) > SEQ_MXMM_VALUE,
                IF (
                    SEQ_INITL_YN = 'Y',
                    SEQ_MUMM_VALUE,
                    NULL
                ),
                SEQ_NOW_VALUE + SEQ_INCRS
            )
        WHERE
            SEQ_NM = seq_name
        ;
    END IF;
    RETURN cur_val;
END ;;
DELIMITER ;
/*!50003 SET sql_mode              = @saved_sql_mode */ ;
/*!50003 SET character_set_client  = @saved_cs_client */ ;
/*!50003 SET character_set_results = @saved_cs_results */ ;
/*!50003 SET collation_connection  = @saved_col_connection */ ;
/*!40103 SET TIME_ZONE=@OLD_TIME_ZONE */;

/*!40101 SET SQL_MODE=@OLD_SQL_MODE */;
/*!40014 SET FOREIGN_KEY_CHECKS=@OLD_FOREIGN_KEY_CHECKS */;
/*!40014 SET UNIQUE_CHECKS=@OLD_UNIQUE_CHECKS */;
/*!40101 SET CHARACTER_SET_CLIENT=@OLD_CHARACTER_SET_CLIENT */;
/*!40101 SET CHARACTER_SET_RESULTS=@OLD_CHARACTER_SET_RESULTS */;
/*!40101 SET COLLATION_CONNECTION=@OLD_COLLATION_CONNECTION */;
/*!40111 SET SQL_NOTES=@OLD_SQL_NOTES */;

-- Dump completed on 2020-06-29 15:54:05
